{
  "run_tag": "automl_20260212_152659_vbot_navigation_section011_i5_1770881246",
  "env_name": "vbot_navigation_section011",
  "starter_kit_dir": "D:\\MotrixLab\\starter_kit\\navigation1",
  "reward_scales": {
    "forward_velocity": 1.9523319623759807,
    "waypoint_approach": 94.67385550455697,
    "waypoint_facing": 0.17742480616619782,
    "alive_bonus": 0.4358013608162916,
    "position_tracking": 0.074430604575608,
    "waypoint_bonus": 123.74922218245032,
    "smiley_bonus": 59.644032045441705,
    "red_packet_bonus": 32.18020370755455,
    "celebration_bonus": 177.49311459815988,
    "height_progress": 16.426085262782813,
    "traversal_bonus": 56.13606367443806,
    "foot_clearance": 0.04129738509304199,
    "spin_progress": 3.043684511246339,
    "spin_hold": 6.452683931521925,
    "orientation": -0.01185123493109393,
    "lin_vel_z": -0.03033251618218631,
    "action_rate": -0.010113275225689194,
    "swing_contact_penalty": -0.09834144560135638,
    "termination": -150
  },
  "rl_overrides": {
    "learning_rate": 0.000465869527565747,
    "entropy_loss_scale": 0.0037508147577751142,
    "policy_hidden_layer_sizes": [
      256,
      128,
      64
    ],
    "value_hidden_layer_sizes": [
      512,
      256,
      128
    ],
    "rollouts": 24,
    "learning_epochs": 5,
    "mini_batches": 16,
    "discount_factor": 0.99,
    "max_env_steps": 10000000,
    "seed": 42,
    "check_point_interval": 40
  }
}