{
  "run_tag": "automl_20260216_135420_stage1_flat_i8_1771227312",
  "env_name": "vbot_navigation_section011",
  "starter_kit_dir": "D:\\MotrixLab\\starter_kit\\navigation2",
  "reward_scales": {
    "forward_velocity": 2.6633100892862553,
    "alive_bonus": 1.4462127204169783,
    "waypoint_approach": 166.48441707644912,
    "zone_approach": 35.05885903172725,
    "height_progress": 28.303463283403914,
    "position_tracking": 0.38358677900936045,
    "waypoint_facing": 0.060742704001190403,
    "termination": -200,
    "orientation": -0.027057378150790366,
    "lin_vel_z": -0.19521479612067924,
    "ang_vel_xy": -0.04115231919166256,
    "action_rate": -0.006765827227475145,
    "impact_penalty": -0.08046446706439243,
    "torque_saturation": -0.025443863264109613,
    "swing_contact_penalty": -0.03078845193957362,
    "stance_ratio": 0.04120969374232619,
    "foot_clearance": 0.03969941279725674,
    "foot_clearance_bump_boost": 4.389482949891017,
    "swing_contact_bump_scale": 0.3412652361467113
  },
  "rl_overrides": {
    "learning_rate": 0.0006119533096663167,
    "entropy_loss_scale": 0.003725843028741417,
    "policy_hidden_layer_sizes": [
      256,
      128,
      64
    ],
    "value_hidden_layer_sizes": [
      512,
      256,
      128
    ],
    "rollouts": 24,
    "learning_epochs": 6,
    "mini_batches": 16,
    "discount_factor": 0.999,
    "max_env_steps": 5000000,
    "seed": 42,
    "check_point_interval": 33
  }
}