{
  "run_tag": "automl_20260216_135420_stage1_flat_i1_1771222156",
  "env_name": "vbot_navigation_section011",
  "starter_kit_dir": "D:\\MotrixLab\\starter_kit\\navigation2",
  "reward_scales": {
    "forward_velocity": 1.1334479439289542,
    "alive_bonus": 0.6566256026948933,
    "waypoint_approach": 199.21541061253458,
    "zone_approach": 26.500310923156484,
    "height_progress": 31.94770661304476,
    "position_tracking": 0.2647345857309712,
    "waypoint_facing": 0.2539650562429624,
    "termination": -200,
    "orientation": -0.029329046044895807,
    "lin_vel_z": -0.18578158658799895,
    "ang_vel_xy": -0.013732260535015542,
    "action_rate": -0.00587606962073085,
    "impact_penalty": -0.021521809354195245,
    "torque_saturation": -0.010804482431566197,
    "swing_contact_penalty": -0.026836140409023393,
    "stance_ratio": 0.04848209252403762,
    "foot_clearance": 0.022585685211429975,
    "foot_clearance_bump_boost": 4.287996549660717,
    "swing_contact_bump_scale": 0.4619754796487695
  },
  "rl_overrides": {
    "learning_rate": 0.00017037456661404387,
    "entropy_loss_scale": 0.0039722361553365445,
    "policy_hidden_layer_sizes": [
      256,
      128,
      64
    ],
    "value_hidden_layer_sizes": [
      512,
      256,
      128
    ],
    "rollouts": 24,
    "learning_epochs": 6,
    "mini_batches": 16,
    "discount_factor": 0.999,
    "max_env_steps": 5000000,
    "seed": 42,
    "check_point_interval": 33
  }
}