{
  "run_tag": "automl_20260216_135420_stage1_flat_i5_1771225013",
  "env_name": "vbot_navigation_section011",
  "starter_kit_dir": "D:\\MotrixLab\\starter_kit\\navigation2",
  "reward_scales": {
    "forward_velocity": 2.3126532546683665,
    "alive_bonus": 1.1595492094158402,
    "waypoint_approach": 166.48441707644912,
    "zone_approach": 28.704174639929594,
    "height_progress": 34.53343203292384,
    "position_tracking": 0.32300954304251783,
    "waypoint_facing": 0.060742704001190403,
    "termination": -100,
    "orientation": -0.027057378150790366,
    "lin_vel_z": -0.19521479612067924,
    "ang_vel_xy": -0.04535905177154673,
    "action_rate": -0.00795540061973166,
    "impact_penalty": -0.07514890594044508,
    "torque_saturation": -0.025443863264109613,
    "swing_contact_penalty": -0.03078845193957362,
    "stance_ratio": 0.04120969374232619,
    "foot_clearance": 0.052834167653289965,
    "foot_clearance_bump_boost": 4.389482949891017,
    "swing_contact_bump_scale": 0.35649712793385535
  },
  "rl_overrides": {
    "learning_rate": 0.000362224874263993,
    "entropy_loss_scale": 0.003522595742096681,
    "policy_hidden_layer_sizes": [
      256,
      128,
      64
    ],
    "value_hidden_layer_sizes": [
      512,
      256,
      128
    ],
    "rollouts": 24,
    "learning_epochs": 6,
    "mini_batches": 16,
    "discount_factor": 0.999,
    "max_env_steps": 5000000,
    "seed": 42,
    "check_point_interval": 33
  }
}