{
  "run_tag": "automl_20260207_232444_vbot_navigation_section001_i2_1770480761",
  "env_name": "vbot_navigation_section001",
  "starter_kit_dir": "D:\\MotrixLab\\starter_kit\\navigation1",
  "reward_scales": {
    "position_tracking": 4.134663462026415,
    "fine_position_tracking": 7.345173017533551,
    "heading_tracking": 1.2152303511360916,
    "forward_velocity": 2.455732559139289,
    "distance_progress": 2.977688415202819,
    "alive_bonus": 0.5647880025402504,
    "approach_scale": 5.199371796099397,
    "arrival_bonus": 66.78003156313466,
    "stop_scale": 2.3991320929009046,
    "zero_ang_bonus": 10.28314372395243,
    "orientation": -0.0766693070002481,
    "lin_vel_z": -0.12515607968947629,
    "ang_vel_xy": -0.03,
    "torques": -1e-05,
    "dof_vel": -5e-05,
    "dof_acc": -2.5e-07,
    "action_rate": -0.021210235488247735,
    "termination": -100
  },
  "rl_overrides": {
    "learning_rate": 3.179543396277372e-05,
    "entropy_loss_scale": 0.000467854312936125,
    "policy_hidden_layer_sizes": [
      512,
      256,
      128
    ],
    "value_hidden_layer_sizes": [
      128,
      64
    ],
    "rollouts": 32,
    "learning_epochs": 5,
    "mini_batches": 64,
    "discount_factor": 0.99,
    "max_env_steps": 10000000,
    "seed": 42,
    "check_point_interval": 30
  }
}