{
  "run_tag": "automl_20260207_231437_vbot_navigation_section001_i1_1770478843",
  "env_name": "vbot_navigation_section001",
  "starter_kit_dir": "D:\\MotrixLab\\starter_kit\\navigation1",
  "reward_scales": {
    "position_tracking": 4.7872583834190205,
    "fine_position_tracking": 8.248003320649463,
    "heading_tracking": 0.6495216489172926,
    "forward_velocity": 1.7065841360177945,
    "distance_progress": 3.483990028640389,
    "alive_bonus": 0.757001557170253,
    "approach_scale": 12.13218638115866,
    "arrival_bonus": 82.79885516755095,
    "stop_scale": 4.1795388648551635,
    "zero_ang_bonus": 7.98333916866581,
    "orientation": -0.18724393352089472,
    "lin_vel_z": -0.33565509155488993,
    "ang_vel_xy": -0.03,
    "torques": -1e-05,
    "dof_vel": -5e-05,
    "dof_acc": -2.5e-07,
    "action_rate": -0.049756818369922975,
    "termination": -10
  },
  "rl_overrides": {
    "learning_rate": 0.0001291537224066113,
    "entropy_loss_scale": 0.0001637200843832054,
    "policy_hidden_layer_sizes": [
      256,
      128,
      64
    ],
    "value_hidden_layer_sizes": [
      128,
      64
    ],
    "rollouts": 24,
    "learning_epochs": 8,
    "mini_batches": 16,
    "discount_factor": 0.99,
    "max_env_steps": 10000000,
    "seed": 42,
    "check_point_interval": 40
  }
}