{
  "run_tag": "automl_20260207_231437_vbot_navigation_section001_i0_1770477277",
  "env_name": "vbot_navigation_section001",
  "starter_kit_dir": "D:\\MotrixLab\\starter_kit\\navigation1",
  "reward_scales": {
    "position_tracking": 3.0851723513714715,
    "fine_position_tracking": 9.930623173250002,
    "heading_tracking": 1.7110685583078966,
    "forward_velocity": 1.5346489395598033,
    "distance_progress": 2.7852401834560343,
    "alive_bonus": 0.5512836593075432,
    "approach_scale": 13.84003755079534,
    "arrival_bonus": 90.07978527136558,
    "stop_scale": 3.4914722037261186,
    "zero_ang_bonus": 6.791451501555299,
    "orientation": -0.11699541972490168,
    "lin_vel_z": -0.4380123353799278,
    "ang_vel_xy": -0.03,
    "torques": -1e-05,
    "dof_vel": -5e-05,
    "dof_acc": -2.5e-07,
    "action_rate": -0.008454602113893872,
    "termination": -25
  },
  "rl_overrides": {
    "learning_rate": 1.5041017823307377e-05,
    "entropy_loss_scale": 0.00015268224766597116,
    "policy_hidden_layer_sizes": [
      128,
      64
    ],
    "value_hidden_layer_sizes": [
      256,
      256,
      256
    ],
    "rollouts": 16,
    "learning_epochs": 4,
    "mini_batches": 32,
    "discount_factor": 0.99,
    "max_env_steps": 10000000,
    "seed": 42,
    "check_point_interval": 61
  }
}