{
  "run_tag": "automl_20260207_231437_vbot_navigation_section001_i2_1770480328",
  "env_name": "vbot_navigation_section001",
  "starter_kit_dir": "D:\\MotrixLab\\starter_kit\\navigation1",
  "reward_scales": {
    "position_tracking": 3.934552031003909,
    "fine_position_tracking": 9.149648515790826,
    "heading_tracking": 1.5904816085012317,
    "forward_velocity": 2.6844983902957287,
    "distance_progress": 2.9097126324670506,
    "alive_bonus": 0.1809285963711047,
    "approach_scale": 10.214988241843896,
    "arrival_bonus": 84.58154699110892,
    "stop_scale": 4.621080769905879,
    "zero_ang_bonus": 9.573846768596884,
    "orientation": -0.14237223002546767,
    "lin_vel_z": -0.9162122350234972,
    "ang_vel_xy": -0.03,
    "torques": -1e-05,
    "dof_vel": -5e-05,
    "dof_acc": -2.5e-07,
    "action_rate": -0.0481497963864936,
    "termination": -25
  },
  "rl_overrides": {
    "learning_rate": 1.2708558274967283e-05,
    "entropy_loss_scale": 0.0019706462447360924,
    "policy_hidden_layer_sizes": [
      512,
      256,
      128
    ],
    "value_hidden_layer_sizes": [
      256,
      128,
      64
    ],
    "rollouts": 48,
    "learning_epochs": 4,
    "mini_batches": 16,
    "discount_factor": 0.99,
    "max_env_steps": 10000000,
    "seed": 42,
    "check_point_interval": 20
  }
}