{
  "T0": {
    "wp_idx_mean": 2.1787109375,
    "wp_idx_max": 4.0,
    "wp_idx_p75": 3.0,
    "max_y_mean": 0.8191778659820557,
    "max_y_max": 4.218912124633789,
    "max_nav_phase": 1.0,
    "avg_nav_phase": 0.52685546875,
    "term_rate": 1.0,
    "avg_episodes": 0.390625,
    "original_wp": 3.2500825268881663,
    "original_success": 0.24545939905302866
  },
  "T1": {
    "wp_idx_mean": 2.34521484375,
    "wp_idx_max": 3.0,
    "wp_idx_p75": 3.0,
    "max_y_mean": 0.6279046535491943,
    "max_y_max": 4.015608787536621,
    "max_nav_phase": 1.0,
    "avg_nav_phase": 0.58740234375,
    "term_rate": 1.0,
    "avg_episodes": 0.24072265625,
    "original_wp": 3.239152823175703,
    "original_success": 0.2283029087952205
  },
  "T2": {
    "wp_idx_mean": 2.2611490885416665,
    "wp_idx_max": 4.0,
    "wp_idx_p75": 3.0,
    "max_y_mean": 0.7001553177833557,
    "max_y_max": 4.232052803039551,
    "max_nav_phase": 1.0,
    "avg_nav_phase": 0.57177734375,
    "term_rate": 1.0,
    "avg_episodes": 0.326171875,
    "original_wp": 3.300228033746992,
    "original_success": 0.21360163709947041
  },
  "T3": {
    "wp_idx_mean": 2.202473958333333,
    "wp_idx_max": 4.0,
    "wp_idx_p75": 3.0,
    "max_y_mean": 0.8372766375541687,
    "max_y_max": 4.2296319007873535,
    "max_nav_phase": 1.0,
    "avg_nav_phase": 0.54736328125,
    "term_rate": 1.0,
    "avg_episodes": 0.3642578125,
    "original_wp": 3.1833188704081943,
    "original_success": 0.21650093580995286
  },
  "T4": {
    "wp_idx_mean": 2.2077229817708335,
    "wp_idx_max": 3.0,
    "wp_idx_p75": 3.0,
    "max_y_mean": 0.6901648044586182,
    "max_y_max": 3.9462413787841797,
    "max_nav_phase": 1.0,
    "avg_nav_phase": 0.525390625,
    "term_rate": 1.0,
    "avg_episodes": 0.32275390625,
    "original_wp": 3.411209123475211,
    "original_success": 0.2051095494202205
  },
  "T5": {
    "wp_idx_mean": 2.2306315104166665,
    "wp_idx_max": 4.0,
    "wp_idx_p75": 3.0,
    "max_y_mean": 0.9497712254524231,
    "max_y_max": 4.268911838531494,
    "max_nav_phase": 1.0,
    "avg_nav_phase": 0.5771484375,
    "term_rate": 1.0,
    "avg_episodes": 0.41015625,
    "original_wp": 3.1119358709880283,
    "original_success": 0.21574779599905014
  },
  "T6": {
    "wp_idx_mean": 2.27685546875,
    "wp_idx_max": 4.0,
    "wp_idx_p75": 3.0,
    "max_y_mean": 0.8580904006958008,
    "max_y_max": 4.37263822555542,
    "max_nav_phase": 1.0,
    "avg_nav_phase": 0.5830078125,
    "term_rate": 1.0,
    "avg_episodes": 0.337890625,
    "original_wp": 3.3544407401766096,
    "original_success": 0.2550033298986299
  },
  "T7": {
    "wp_idx_mean": 2.1805013020833335,
    "wp_idx_max": 3.0,
    "wp_idx_p75": 3.0,
    "max_y_mean": 0.24791309237480164,
    "max_y_max": 2.4273507595062256,
    "max_nav_phase": 1.0,
    "avg_nav_phase": 0.38525390625,
    "term_rate": 1.0,
    "avg_episodes": 0.16455078125,
    "original_wp": 2.962413396154131,
    "original_success": 0.2090934951390539
  }
}