{
  "hp_config": {
    "discount_factor": 0.999,
    "entropy_loss_scale": 0.01089904456171082,
    "grad_norm_clip": 1.0,
    "lambda_param": 0.99,
    "learning_epochs": 6,
    "learning_rate": 0.0006073008040245019,
    "mini_batches": 16,
    "policy_hidden_layer_sizes": [
      512,
      256,
      128
    ],
    "ratio_clip": 0.2,
    "rollouts": 24,
    "value_hidden_layer_sizes": [
      512,
      256,
      128
    ]
  },
  "reward_config": {
    "action_rate": -0.03120741701238927,
    "alive_bonus": 1.851910448431534,
    "alive_decay_horizon": 1625.9490812741783,
    "ang_vel_xy": -0.10980531566663332,
    "celeb_sit_reward": 13.403636599134522,
    "celeb_walk_approach": 383.95443581004,
    "celeb_walk_bonus": 59.35544657806113,
    "celebration_bonus": 127.47137817177759,
    "crouch_penalty": -0.471155427244609,
    "dof_pos": -0.04955004632776089,
    "drag_foot_penalty": -0.2543279271167027,
    "foot_clearance": 0.3436949289594717,
    "foot_clearance_bump_boost": 21.497339698092063,
    "foot_clearance_bump_boost_post_margin": 0.07593666772963621,
    "foot_clearance_bump_boost_pre_margin": 1.5305289049737165,
    "foot_clearance_pre_zone_ratio": 0.32324356461408715,
    "forward_velocity": 9.222519801310991,
    "impact_penalty": -0.07094619042988416,
    "lin_vel_z": -0.07010203240619636,
    "orientation": -0.008046027513477272,
    "phase_bonus": 165.60492760224957,
    "position_tracking": 1.7706309433868335,
    "stagnation_penalty": -1.4819896899565594,
    "stance_ratio": 0.0040253148190612185,
    "swing_contact_bump_scale": 0.3719573424350169,
    "swing_contact_penalty": -0.01860980129978261,
    "termination": -25,
    "torque_saturation": -0.09696345810001432,
    "waypoint_approach": 572.7474212509027,
    "waypoint_bonus": 11.353681791178769,
    "waypoint_facing": 0.7704597813183178,
    "zone_approach": 332.11069575351735
  }
}