{
  "run_tag": "automl_20260213_010142_vbot_navigation_section011_i7_1770920074",
  "env_name": "vbot_navigation_section011",
  "starter_kit_dir": "D:\\MotrixLab\\starter_kit\\navigation2",
  "reward_scales": {
    "forward_velocity": 3.4866205712115086,
    "waypoint_approach": 165.36847492583254,
    "waypoint_facing": 0.24220671560918702,
    "alive_bonus": 0.1408166678056854,
    "position_tracking": 0.07263797331336233,
    "waypoint_bonus": 70.20617887249784,
    "smiley_bonus": 28.678299487549868,
    "red_packet_bonus": 30.995720241937065,
    "celebration_bonus": 136.5933790884602,
    "height_progress": 8.45516887329996,
    "traversal_bonus": 44.69789697202044,
    "foot_clearance": 0.06277579446746041,
    "spin_progress": 3.902790914480945,
    "spin_hold": 12.0,
    "feet_contact_pattern": 0.8433371888903182,
    "stance_ratio": 1.5,
    "lateral_velocity": -0.28520356817971537,
    "body_balance": 2.5,
    "orientation": -0.01542176982943981,
    "lin_vel_z": -0.12092067253596628,
    "ang_vel_xy": -0.016915185310943933,
    "action_rate": -0.002039619955683799,
    "swing_contact_penalty": -0.11837969070003612,
    "termination": -50
  },
  "rl_overrides": {
    "learning_rate": 0.0007190484231310362,
    "entropy_loss_scale": 0.01,
    "policy_hidden_layer_sizes": [
      256,
      256,
      256
    ],
    "value_hidden_layer_sizes": [
      512,
      256,
      128
    ],
    "rollouts": 32,
    "learning_epochs": 4,
    "mini_batches": 16,
    "discount_factor": 0.99,
    "max_env_steps": 5000000,
    "seed": 42,
    "check_point_interval": 15
  }
}