{
  "run_tag": "automl_20260219_030822_stage1_flat_i14_1771441792",
  "env_name": "vbot_navigation_section011",
  "starter_kit_dir": "D:\\MotrixLab\\starter_kit\\navigation2",
  "reward_scales": {
    "forward_velocity": 2.300237644325779,
    "waypoint_approach": 191.72890756674963,
    "zone_approach": 66.9825544080455,
    "height_progress": 23.83640305471382,
    "position_tracking": 0.23572403027760414,
    "waypoint_facing": 0.09045617808948009,
    "alive_bonus": 0.548634279949731,
    "termination": -150,
    "orientation": -0.061329482756968964,
    "lin_vel_z": -0.11055833355253246,
    "ang_vel_xy": -0.03496866214740123,
    "action_rate": -0.0056389335343065596,
    "impact_penalty": -0.03726869511505397,
    "torque_saturation": -0.03322313202420914,
    "swing_contact_penalty": -0.04304759714064357,
    "stance_ratio": 0.016351219143437883,
    "foot_clearance": 0.04232742109844502,
    "foot_clearance_bump_boost": 3.8636770954381947,
    "swing_contact_bump_scale": 0.14786127567626056
  },
  "rl_overrides": {
    "learning_rate": 0.0002849939876993646,
    "entropy_loss_scale": 0.006137199695595221,
    "policy_hidden_layer_sizes": [
      256,
      128,
      64
    ],
    "value_hidden_layer_sizes": [
      512,
      256,
      128
    ],
    "rollouts": 24,
    "learning_epochs": 6,
    "mini_batches": 16,
    "discount_factor": 0.999,
    "max_env_steps": 5000000,
    "seed": 42,
    "check_point_interval": 33
  }
}