{
  "run_tag": "automl_20260219_030822_stage1_flat_i7_1771441747",
  "env_name": "vbot_navigation_section011",
  "starter_kit_dir": "D:\\MotrixLab\\starter_kit\\navigation2",
  "reward_scales": {
    "forward_velocity": 2.045191225705481,
    "waypoint_approach": 224.23796017777244,
    "zone_approach": 66.9825544080455,
    "height_progress": 28.63363891209997,
    "position_tracking": 0.22705555227738727,
    "waypoint_facing": 0.08188784938614123,
    "alive_bonus": 0.4247189495605577,
    "termination": -150,
    "orientation": -0.07,
    "lin_vel_z": -0.11976865848599687,
    "ang_vel_xy": -0.028801309676238812,
    "action_rate": -0.0056389335343065596,
    "impact_penalty": -0.03726869511505397,
    "torque_saturation": -0.03322313202420914,
    "swing_contact_penalty": -0.04304759714064357,
    "stance_ratio": 0.0201218693621894,
    "foot_clearance": 0.04602377474648538,
    "foot_clearance_bump_boost": 3.9789387439774604,
    "swing_contact_bump_scale": 0.14786127567626056
  },
  "rl_overrides": {
    "learning_rate": 0.00040299469016559714,
    "entropy_loss_scale": 0.0032975881413676387,
    "policy_hidden_layer_sizes": [
      256,
      128,
      64
    ],
    "value_hidden_layer_sizes": [
      512,
      256,
      128
    ],
    "rollouts": 24,
    "learning_epochs": 6,
    "mini_batches": 16,
    "discount_factor": 0.999,
    "max_env_steps": 5000000,
    "seed": 42,
    "check_point_interval": 33
  }
}