{
  "run_tag": "automl_20260206_222815_vbot_navigation_section001_i7_1770394417",
  "env_name": "vbot_navigation_section001",
  "starter_kit_dir": "D:\\MotrixLab\\starter_kit\\navigation1",
  "reward_scales": {
    "position_tracking": 0.8685940899727775,
    "fine_position_tracking": 1.1438162689066853,
    "heading_tracking": 1.396680667637717,
    "forward_velocity": 1.5014513321817153,
    "approach_scale": 2.3452256473739217,
    "arrival_bonus": 15.998966117913273,
    "stop_scale": 1.165497570723856,
    "zero_ang_bonus": 4.902864440199016,
    "orientation": -0.1845420851766883,
    "lin_vel_z": -0.397077904849255,
    "ang_vel_xy": -0.05,
    "torques": -1e-05,
    "dof_vel": -5e-05,
    "dof_acc": -2.5e-07,
    "action_rate": -0.008562423965800273,
    "termination": -100
  },
  "rl_overrides": {
    "learning_rate": 0.00027323739864374715,
    "entropy_loss_scale": 0.007660732647870493,
    "policy_hidden_layer_sizes": [
      256,
      256,
      256
    ],
    "value_hidden_layer_sizes": [
      256,
      128,
      64
    ],
    "rollouts": 24,
    "learning_epochs": 8,
    "mini_batches": 64,
    "discount_factor": 0.99,
    "max_env_steps": 2000000,
    "seed": 42
  }
}