{
  "run_tag": "automl_20260206_222815_vbot_navigation_section001_i7_1770394274",
  "env_name": "vbot_navigation_section001",
  "starter_kit_dir": "D:\\MotrixLab\\starter_kit\\navigation1",
  "reward_scales": {
    "position_tracking": 1.7815887178886896,
    "fine_position_tracking": 3.382163059398831,
    "heading_tracking": 1.003569558176936,
    "forward_velocity": 0.8071692079856936,
    "approach_scale": 4.675701918173777,
    "arrival_bonus": 14.732411494877955,
    "stop_scale": 2.7111643621695563,
    "zero_ang_bonus": 7.827256131722006,
    "orientation": -0.1391217824811796,
    "lin_vel_z": -1.5414067361034076,
    "ang_vel_xy": -0.05,
    "torques": -1e-05,
    "dof_vel": -5e-05,
    "dof_acc": -2.5e-07,
    "action_rate": -0.024814725906922387,
    "termination": -300
  },
  "rl_overrides": {
    "learning_rate": 0.00027323739864374715,
    "entropy_loss_scale": 0.007660732647870493,
    "policy_hidden_layer_sizes": [
      256,
      256,
      256
    ],
    "value_hidden_layer_sizes": [
      256,
      128,
      64
    ],
    "rollouts": 24,
    "learning_epochs": 8,
    "mini_batches": 64,
    "discount_factor": 0.99,
    "max_env_steps": 2000000,
    "seed": 42
  }
}