{
  "run_tag": "automl_20260206_222815_vbot_navigation_section001_i7_1770394318",
  "env_name": "vbot_navigation_section001",
  "starter_kit_dir": "D:\\MotrixLab\\starter_kit\\navigation1",
  "reward_scales": {
    "position_tracking": 2.9505082489315813,
    "fine_position_tracking": 3.3639798564293226,
    "heading_tracking": 1.583218147848864,
    "forward_velocity": 1.8133295406258552,
    "approach_scale": 6.709467633101954,
    "arrival_bonus": 8.378819617448068,
    "stop_scale": 2.369728119241041,
    "zero_ang_bonus": 6.8289070769787035,
    "orientation": -0.22457915288632127,
    "lin_vel_z": -1.65335077192312,
    "ang_vel_xy": -0.05,
    "torques": -1e-05,
    "dof_vel": -5e-05,
    "dof_acc": -2.5e-07,
    "action_rate": -0.02697687343453549,
    "termination": -500
  },
  "rl_overrides": {
    "learning_rate": 0.00027323739864374715,
    "entropy_loss_scale": 0.007660732647870493,
    "policy_hidden_layer_sizes": [
      256,
      256,
      256
    ],
    "value_hidden_layer_sizes": [
      256,
      128,
      64
    ],
    "rollouts": 24,
    "learning_epochs": 8,
    "mini_batches": 64,
    "discount_factor": 0.99,
    "max_env_steps": 2000000,
    "seed": 42
  }
}