{
  "run_tag": "automl_20260219_043704_stage1_flat_i12_1771500398",
  "env_name": "vbot_navigation_section011",
  "starter_kit_dir": "D:\\MotrixLab\\starter_kit\\navigation2",
  "reward_scales": {
    "action_rate": -0.02448689389681762,
    "alive_bonus": 1.1292056510815327,
    "ang_vel_xy": -0.05,
    "celebration_bonus": 200.0,
    "foot_clearance": 0.023882146916554232,
    "foot_clearance_bump_boost": 4.215807664084188,
    "forward_velocity": 4.399968677446016,
    "height_progress": 22.7296804676697,
    "impact_penalty": -0.08484325732052053,
    "jump_reward": 21.2872652259492,
    "lin_vel_z": -0.06267035353786735,
    "orientation": -0.02112986076442567,
    "per_jump_bonus": 77.47643390220918,
    "position_tracking": 0.5974897313970874,
    "stance_ratio": 0.014962397680159813,
    "swing_contact_bump_scale": 0.20496693571244579,
    "swing_contact_penalty": -0.02649824740385367,
    "termination": -150,
    "torque_saturation": -0.01634851670887629,
    "waypoint_approach": 131.1284930491853,
    "waypoint_facing": 0.10583200878707301,
    "zone_approach": 73.4742816818876
  },
  "rl_overrides": {
    "learning_rate": 0.0004410016266962995,
    "entropy_loss_scale": 0.004577363026875882,
    "policy_hidden_layer_sizes": [
      256,
      128,
      64
    ],
    "value_hidden_layer_sizes": [
      512,
      256,
      128
    ],
    "rollouts": 24,
    "learning_epochs": 6,
    "mini_batches": 16,
    "discount_factor": 0.999,
    "max_env_steps": 15000000,
    "seed": 42,
    "check_point_interval": 101
  }
}