{
  "run_tag": "automl_20260219_043704_stage1_flat_i6_1771490052",
  "env_name": "vbot_navigation_section011",
  "starter_kit_dir": "D:\\MotrixLab\\starter_kit\\navigation2",
  "reward_scales": {
    "action_rate": -0.02448689389681762,
    "alive_bonus": 0.9534511483068104,
    "ang_vel_xy": -0.047018950985507964,
    "celebration_bonus": 183.34589845274004,
    "foot_clearance": 0.023882146916554232,
    "foot_clearance_bump_boost": 4.215807664084188,
    "forward_velocity": 4.399968677446016,
    "height_progress": 22.7296804676697,
    "impact_penalty": -0.08484325732052053,
    "jump_reward": 23.591111840681968,
    "lin_vel_z": -0.06267035353786735,
    "orientation": -0.034513713826979264,
    "per_jump_bonus": 76.73808472107075,
    "position_tracking": 0.5046636446016294,
    "stance_ratio": 0.014962397680159813,
    "swing_contact_bump_scale": 0.20496693571244579,
    "swing_contact_penalty": -0.03278232039607844,
    "termination": -100,
    "torque_saturation": -0.013651770006305686,
    "waypoint_approach": 128.6127745704428,
    "waypoint_facing": 0.10816194732587245,
    "zone_approach": 89.56400366337346
  },
  "rl_overrides": {
    "learning_rate": 0.00028704074946131133,
    "entropy_loss_scale": 0.004717003213917937,
    "policy_hidden_layer_sizes": [
      256,
      128,
      64
    ],
    "value_hidden_layer_sizes": [
      512,
      256,
      128
    ],
    "rollouts": 24,
    "learning_epochs": 6,
    "mini_batches": 16,
    "discount_factor": 0.999,
    "max_env_steps": 15000000,
    "seed": 42,
    "check_point_interval": 101
  }
}