{
  "run_tag": "automl_20260219_043704_stage1_flat_i3_1771485303",
  "env_name": "vbot_navigation_section011",
  "starter_kit_dir": "D:\\MotrixLab\\starter_kit\\navigation2",
  "reward_scales": {
    "forward_velocity": 3.365992566852575,
    "waypoint_approach": 279.519909974823,
    "zone_approach": 156.58275095158768,
    "height_progress": 53.303876445517886,
    "position_tracking": 0.3507383113393133,
    "waypoint_facing": 0.24040175896402893,
    "alive_bonus": 0.4579737056288321,
    "per_jump_bonus": 77.78939944269203,
    "celebration_bonus": 128.97920079670266,
    "jump_reward": 14.897416921223394,
    "termination": -150,
    "orientation": -0.055256943040280414,
    "lin_vel_z": -0.18915563600891466,
    "ang_vel_xy": -0.028604437516757366,
    "action_rate": -0.010529653509649272,
    "impact_penalty": -0.08496248220584539,
    "torque_saturation": -0.005651584033850007,
    "swing_contact_penalty": -0.04585571811450656,
    "stance_ratio": 0.03656344435149524,
    "foot_clearance": 0.04341575405572711,
    "foot_clearance_bump_boost": 2.1986227455624325,
    "swing_contact_bump_scale": 0.32863097458003043
  },
  "rl_overrides": {
    "learning_rate": 0.0004559086109759977,
    "entropy_loss_scale": 0.003466664783947951,
    "policy_hidden_layer_sizes": [
      256,
      128,
      64
    ],
    "value_hidden_layer_sizes": [
      512,
      256,
      128
    ],
    "rollouts": 24,
    "learning_epochs": 6,
    "mini_batches": 16,
    "discount_factor": 0.999,
    "max_env_steps": 15000000,
    "seed": 42,
    "check_point_interval": 101
  }
}