{
  "run_tag": "automl_20260219_043704_stage1_flat_i16_1771507388",
  "env_name": "vbot_navigation_section011",
  "starter_kit_dir": "D:\\MotrixLab\\starter_kit\\navigation2",
  "reward_scales": {
    "action_rate": -0.02448689389681762,
    "alive_bonus": 1.28319911893655,
    "ang_vel_xy": -0.05,
    "celebration_bonus": 183.34589845274004,
    "foot_clearance": 0.023882146916554232,
    "foot_clearance_bump_boost": 5.0,
    "forward_velocity": 3.3485450196472177,
    "height_progress": 22.7296804676697,
    "impact_penalty": -0.08484325732052053,
    "jump_reward": 20.953189210907624,
    "lin_vel_z": -0.06267035353786735,
    "orientation": -0.02593483240546509,
    "per_jump_bonus": 80.0,
    "position_tracking": 0.5974897313970874,
    "stance_ratio": 0.015484821916624295,
    "swing_contact_bump_scale": 0.20496693571244579,
    "swing_contact_penalty": -0.02649824740385367,
    "termination": -200,
    "torque_saturation": -0.01908334426330508,
    "waypoint_approach": 146.90185740583465,
    "waypoint_facing": 0.10583200878707301,
    "zone_approach": 69.34980959811227
  },
  "rl_overrides": {
    "learning_rate": 0.00040213969132299297,
    "entropy_loss_scale": 0.004512432414056237,
    "policy_hidden_layer_sizes": [
      256,
      128,
      64
    ],
    "value_hidden_layer_sizes": [
      512,
      256,
      128
    ],
    "rollouts": 24,
    "learning_epochs": 6,
    "mini_batches": 16,
    "discount_factor": 0.999,
    "max_env_steps": 15000000,
    "seed": 42,
    "check_point_interval": 101
  }
}