{
  "run_tag": "automl_20260219_043704_stage1_flat_i19_1771511717",
  "env_name": "vbot_navigation_section011",
  "starter_kit_dir": "D:\\MotrixLab\\starter_kit\\navigation2",
  "reward_scales": {
    "action_rate": -0.02103889812137699,
    "alive_bonus": 0.9008564368804528,
    "ang_vel_xy": -0.05,
    "celebration_bonus": 183.34589845274004,
    "foot_clearance": 0.023882146916554232,
    "foot_clearance_bump_boost": 3.471178891326902,
    "forward_velocity": 4.399968677446016,
    "height_progress": 22.7296804676697,
    "impact_penalty": -0.07067847987317434,
    "jump_reward": 17.489286682844245,
    "lin_vel_z": -0.06267035353786735,
    "orientation": -0.027658951405646896,
    "per_jump_bonus": 77.47643390220918,
    "position_tracking": 0.5974897313970874,
    "stance_ratio": 0.01180095387026077,
    "swing_contact_bump_scale": 0.19890951149879024,
    "swing_contact_penalty": -0.02649824740385367,
    "termination": -200,
    "torque_saturation": -0.01634851670887629,
    "waypoint_approach": 146.90185740583465,
    "waypoint_facing": 0.10380329404118385,
    "zone_approach": 90.61967240116707
  },
  "rl_overrides": {
    "learning_rate": 0.000502051305170489,
    "entropy_loss_scale": 0.003956652559208891,
    "policy_hidden_layer_sizes": [
      256,
      128,
      64
    ],
    "value_hidden_layer_sizes": [
      512,
      256,
      128
    ],
    "rollouts": 24,
    "learning_epochs": 6,
    "mini_batches": 16,
    "discount_factor": 0.999,
    "max_env_steps": 15000000,
    "seed": 42,
    "check_point_interval": 101
  }
}