{
  "run_tag": "automl_20260219_043704_stage1_flat_i8_1771493653",
  "env_name": "vbot_navigation_section011",
  "starter_kit_dir": "D:\\MotrixLab\\starter_kit\\navigation2",
  "reward_scales": {
    "action_rate": -0.02448689389681762,
    "alive_bonus": 1.1292056510815327,
    "ang_vel_xy": -0.05,
    "celebration_bonus": 200.0,
    "foot_clearance": 0.023882146916554232,
    "foot_clearance_bump_boost": 4.215807664084188,
    "forward_velocity": 4.410151713324154,
    "height_progress": 24.39942239329124,
    "impact_penalty": -0.08484325732052053,
    "jump_reward": 24.962311344710166,
    "lin_vel_z": -0.05243177310486862,
    "orientation": -0.034513713826979264,
    "per_jump_bonus": 76.73808472107075,
    "position_tracking": 0.5974897313970874,
    "stance_ratio": 0.014498161050021996,
    "swing_contact_bump_scale": 0.20496693571244579,
    "swing_contact_penalty": -0.02649824740385367,
    "termination": -200,
    "torque_saturation": -0.01634851670887629,
    "waypoint_approach": 128.6127745704428,
    "waypoint_facing": 0.10583200878707301,
    "zone_approach": 100.92688182765119
  },
  "rl_overrides": {
    "learning_rate": 0.0005553138832885963,
    "entropy_loss_scale": 0.008694288312576088,
    "policy_hidden_layer_sizes": [
      256,
      128,
      64
    ],
    "value_hidden_layer_sizes": [
      512,
      256,
      128
    ],
    "rollouts": 24,
    "learning_epochs": 6,
    "mini_batches": 16,
    "discount_factor": 0.999,
    "max_env_steps": 15000000,
    "seed": 42,
    "check_point_interval": 101
  }
}