{
  "run_tag": "automl_20260219_043704_stage1_flat_i13_1771502221",
  "env_name": "vbot_navigation_section011",
  "starter_kit_dir": "D:\\MotrixLab\\starter_kit\\navigation2",
  "reward_scales": {
    "action_rate": -0.02448689389681762,
    "alive_bonus": 1.1292056510815327,
    "ang_vel_xy": -0.04862906620827298,
    "celebration_bonus": 183.34589845274004,
    "foot_clearance": 0.023882146916554232,
    "foot_clearance_bump_boost": 4.215807664084188,
    "forward_velocity": 4.277856705578703,
    "height_progress": 24.96214620875683,
    "impact_penalty": -0.09030737412408545,
    "jump_reward": 21.2872652259492,
    "lin_vel_z": -0.07450008288738533,
    "orientation": -0.02593483240546509,
    "per_jump_bonus": 77.47643390220918,
    "position_tracking": 0.5974897313970874,
    "stance_ratio": 0.014962397680159813,
    "swing_contact_bump_scale": 0.17411897923740421,
    "swing_contact_penalty": -0.02649824740385367,
    "termination": -200,
    "torque_saturation": -0.01634851670887629,
    "waypoint_approach": 147.12139821832756,
    "waypoint_facing": 0.10583200878707301,
    "zone_approach": 86.62338719725977
  },
  "rl_overrides": {
    "learning_rate": 0.00048556025546685276,
    "entropy_loss_scale": 0.003610179270967901,
    "policy_hidden_layer_sizes": [
      256,
      128,
      64
    ],
    "value_hidden_layer_sizes": [
      512,
      256,
      128
    ],
    "rollouts": 24,
    "learning_epochs": 6,
    "mini_batches": 16,
    "discount_factor": 0.999,
    "max_env_steps": 15000000,
    "seed": 42,
    "check_point_interval": 101
  }
}