{
  "run_tag": "automl_20260219_043704_stage1_flat_i5_1771488356",
  "env_name": "vbot_navigation_section011",
  "starter_kit_dir": "D:\\MotrixLab\\starter_kit\\navigation2",
  "reward_scales": {
    "action_rate": -0.02448689389681762,
    "alive_bonus": 1.1292056510815327,
    "ang_vel_xy": -0.04148120054283871,
    "celebration_bonus": 199.6526272888617,
    "foot_clearance": 0.023882146916554232,
    "foot_clearance_bump_boost": 4.215807664084188,
    "forward_velocity": 4.399968677446016,
    "height_progress": 22.7296804676697,
    "impact_penalty": -0.08484325732052053,
    "jump_reward": 25.0,
    "lin_vel_z": -0.059160515494954005,
    "orientation": -0.034513713826979264,
    "per_jump_bonus": 72.51297609868705,
    "position_tracking": 0.5974897313970874,
    "stance_ratio": 0.014962397680159813,
    "swing_contact_bump_scale": 0.20496693571244579,
    "swing_contact_penalty": -0.02649824740385367,
    "termination": -200,
    "torque_saturation": -0.01634851670887629,
    "waypoint_approach": 116.92520317231428,
    "waypoint_facing": 0.10583200878707301,
    "zone_approach": 89.56400366337346
  },
  "rl_overrides": {
    "learning_rate": 0.00042562839031584583,
    "entropy_loss_scale": 0.0031982689290693113,
    "policy_hidden_layer_sizes": [
      256,
      128,
      64
    ],
    "value_hidden_layer_sizes": [
      512,
      256,
      128
    ],
    "rollouts": 24,
    "learning_epochs": 6,
    "mini_batches": 16,
    "discount_factor": 0.999,
    "max_env_steps": 15000000,
    "seed": 42,
    "check_point_interval": 101
  }
}