{
  "run_tag": "automl_20260209_211947_vbot_navigation_section001_i4_1770646547",
  "env_name": "vbot_navigation_section001",
  "starter_kit_dir": "D:\\MotrixLab\\starter_kit\\navigation1",
  "reward_scales": {
    "position_tracking": 4.041024332208316,
    "fine_position_tracking": 6.660912049491548,
    "heading_tracking": 0.4409066104262269,
    "forward_velocity": 0.746936919768334,
    "distance_progress": 1.794384126660104,
    "alive_bonus": 0.08011090741681051,
    "approach_scale": 4.540606500145638,
    "arrival_bonus": 176.99135182636462,
    "inner_fence_bonus": 73.28181070464538,
    "stop_scale": 2.4398052042081213,
    "zero_ang_bonus": 6.68385955730669,
    "near_target_speed": -2.9887066479636304,
    "boundary_penalty": -2.5680200500921107,
    "orientation": -0.07030396490109797,
    "lin_vel_z": -0.1154820190672543,
    "ang_vel_xy": -0.03,
    "torques": -1e-05,
    "dof_vel": -5e-05,
    "dof_acc": -2.5e-07,
    "action_rate": -0.009521380450865681,
    "termination": -150
  },
  "rl_overrides": {
    "learning_rate": 1.066691514633058e-05,
    "entropy_loss_scale": 0.007938620966037065,
    "policy_hidden_layer_sizes": [
      256,
      256,
      256
    ],
    "value_hidden_layer_sizes": [
      512,
      256,
      128
    ],
    "rollouts": 48,
    "learning_epochs": 8,
    "mini_batches": 64,
    "discount_factor": 0.99,
    "max_env_steps": 10000000,
    "seed": 42,
    "check_point_interval": 20
  }
}