{
  "run_tag": "automl_20260206_222815_vbot_navigation_section001_i7_1770394403",
  "env_name": "vbot_navigation_section001",
  "starter_kit_dir": "D:\\MotrixLab\\starter_kit\\navigation1",
  "reward_scales": {
    "position_tracking": 0.8685940899727775,
    "fine_position_tracking": 2.2626741276229323,
    "heading_tracking": 1.1550698591109179,
    "forward_velocity": 1.278831067545503,
    "approach_scale": 8.967312106902078,
    "arrival_bonus": 15.904427069169785,
    "stop_scale": 4.223292407529652,
    "zero_ang_bonus": 7.3950952125819756,
    "orientation": -0.1845420851766883,
    "lin_vel_z": -1.923547220050382,
    "ang_vel_xy": -0.05,
    "torques": -1e-05,
    "dof_vel": -5e-05,
    "dof_acc": -2.5e-07,
    "action_rate": -0.03320100413913052,
    "termination": -300
  },
  "rl_overrides": {
    "learning_rate": 0.00027323739864374715,
    "entropy_loss_scale": 0.007660732647870493,
    "policy_hidden_layer_sizes": [
      256,
      256,
      256
    ],
    "value_hidden_layer_sizes": [
      256,
      128,
      64
    ],
    "rollouts": 24,
    "learning_epochs": 8,
    "mini_batches": 64,
    "discount_factor": 0.99,
    "max_env_steps": 2000000,
    "seed": 42
  }
}