{
  "run_tag": "automl_20260206_222815_vbot_navigation_section001_i7_1770394392",
  "env_name": "vbot_navigation_section001",
  "starter_kit_dir": "D:\\MotrixLab\\starter_kit\\navigation1",
  "reward_scales": {
    "position_tracking": 3.2636474222572476,
    "fine_position_tracking": 1.1217471975155917,
    "heading_tracking": 1.3204926540494915,
    "forward_velocity": 0.4451196235991506,
    "approach_scale": 3.3880055525639614,
    "arrival_bonus": 5.026642147302502,
    "stop_scale": 1.165497570723856,
    "zero_ang_bonus": 11.407033082583592,
    "orientation": -0.29513960902812797,
    "lin_vel_z": -0.397077904849255,
    "ang_vel_xy": -0.05,
    "torques": -1e-05,
    "dof_vel": -5e-05,
    "dof_acc": -2.5e-07,
    "action_rate": -0.03568757254086951,
    "termination": -300
  },
  "rl_overrides": {
    "learning_rate": 0.00027323739864374715,
    "entropy_loss_scale": 0.007660732647870493,
    "policy_hidden_layer_sizes": [
      256,
      256,
      256
    ],
    "value_hidden_layer_sizes": [
      256,
      128,
      64
    ],
    "rollouts": 24,
    "learning_epochs": 8,
    "mini_batches": 64,
    "discount_factor": 0.99,
    "max_env_steps": 2000000,
    "seed": 42
  }
}