{
  "run_tag": "automl_20260206_222815_vbot_navigation_section001_i7_1770394340",
  "env_name": "vbot_navigation_section001",
  "starter_kit_dir": "D:\\MotrixLab\\starter_kit\\navigation1",
  "reward_scales": {
    "position_tracking": 2.8141406500691986,
    "fine_position_tracking": 3.9344350276516082,
    "heading_tracking": 0.8145884038235268,
    "forward_velocity": 0.34661139326170953,
    "approach_scale": 3.9095438160303466,
    "arrival_bonus": 6.026832573690948,
    "stop_scale": 4.338638810569758,
    "zero_ang_bonus": 11.407033082583592,
    "orientation": -0.13532266930336875,
    "lin_vel_z": -0.4797820507288142,
    "ang_vel_xy": -0.05,
    "torques": -1e-05,
    "dof_vel": -5e-05,
    "dof_acc": -2.5e-07,
    "action_rate": -0.0364222079651812,
    "termination": -200
  },
  "rl_overrides": {
    "learning_rate": 0.00027323739864374715,
    "entropy_loss_scale": 0.007660732647870493,
    "policy_hidden_layer_sizes": [
      256,
      256,
      256
    ],
    "value_hidden_layer_sizes": [
      256,
      128,
      64
    ],
    "rollouts": 24,
    "learning_epochs": 8,
    "mini_batches": 64,
    "discount_factor": 0.99,
    "max_env_steps": 2000000,
    "seed": 42
  }
}