{
  "run_tag": "automl_20260206_222815_vbot_navigation_section001_i7_1770394296",
  "env_name": "vbot_navigation_section001",
  "starter_kit_dir": "D:\\MotrixLab\\starter_kit\\navigation1",
  "reward_scales": {
    "position_tracking": 4.592430101597751,
    "fine_position_tracking": 1.8707750336756614,
    "heading_tracking": 1.9229496824631254,
    "forward_velocity": 0.5096923615392417,
    "approach_scale": 6.906024147371137,
    "arrival_bonus": 7.620652402694499,
    "stop_scale": 4.397386289342579,
    "zero_ang_bonus": 8.391664448340915,
    "orientation": -0.19891595769620488,
    "lin_vel_z": -1.7758304299608076,
    "ang_vel_xy": -0.05,
    "torques": -1e-05,
    "dof_vel": -5e-05,
    "dof_acc": -2.5e-07,
    "action_rate": -0.04103227408465523,
    "termination": -200
  },
  "rl_overrides": {
    "learning_rate": 0.00027323739864374715,
    "entropy_loss_scale": 0.007660732647870493,
    "policy_hidden_layer_sizes": [
      256,
      256,
      256
    ],
    "value_hidden_layer_sizes": [
      256,
      128,
      64
    ],
    "rollouts": 24,
    "learning_epochs": 8,
    "mini_batches": 64,
    "discount_factor": 0.99,
    "max_env_steps": 2000000,
    "seed": 42
  }
}