{
  "run_tag": "automl_20260206_222815_vbot_navigation_section001_i7_1770394593",
  "env_name": "vbot_navigation_section001",
  "starter_kit_dir": "D:\\MotrixLab\\starter_kit\\navigation1",
  "reward_scales": {
    "position_tracking": 2.163243171967859,
    "fine_position_tracking": 3.9344350276516082,
    "heading_tracking": 0.9843206586687394,
    "forward_velocity": 0.981657204524049,
    "approach_scale": 3.9095438160303466,
    "arrival_bonus": 23.33950701578305,
    "stop_scale": 4.8160569449081425,
    "zero_ang_bonus": 11.00142467086305,
    "orientation": -0.13532266930336875,
    "lin_vel_z": -1.2358151796650036,
    "ang_vel_xy": -0.05,
    "torques": -1e-05,
    "dof_vel": -5e-05,
    "dof_acc": -2.5e-07,
    "action_rate": -0.037960297269973686,
    "termination": -100
  },
  "rl_overrides": {
    "learning_rate": 0.00027323739864374715,
    "entropy_loss_scale": 0.007660732647870493,
    "policy_hidden_layer_sizes": [
      256,
      256,
      256
    ],
    "value_hidden_layer_sizes": [
      256,
      128,
      64
    ],
    "rollouts": 24,
    "learning_epochs": 8,
    "mini_batches": 64,
    "discount_factor": 0.99,
    "max_env_steps": 50000000,
    "seed": 42
  }
}