{
  "run_tag": "automl_20260206_222815_vbot_navigation_section001_i7_1770394285",
  "env_name": "vbot_navigation_section001",
  "starter_kit_dir": "D:\\MotrixLab\\starter_kit\\navigation1",
  "reward_scales": {
    "position_tracking": 4.060055111437222,
    "fine_position_tracking": 1.6290076464321552,
    "heading_tracking": 1.1767163042219324,
    "forward_velocity": 1.5204919234087124,
    "approach_scale": 6.367242307481812,
    "arrival_bonus": 12.068719866200095,
    "stop_scale": 4.718587397331252,
    "zero_ang_bonus": 3.554244028193239,
    "orientation": -0.11225501045768313,
    "lin_vel_z": -1.8042388210140785,
    "ang_vel_xy": -0.05,
    "torques": -1e-05,
    "dof_vel": -5e-05,
    "dof_acc": -2.5e-07,
    "action_rate": -0.00383583199146232,
    "termination": -50
  },
  "rl_overrides": {
    "learning_rate": 0.00027323739864374715,
    "entropy_loss_scale": 0.007660732647870493,
    "policy_hidden_layer_sizes": [
      256,
      256,
      256
    ],
    "value_hidden_layer_sizes": [
      256,
      128,
      64
    ],
    "rollouts": 24,
    "learning_epochs": 8,
    "mini_batches": 64,
    "discount_factor": 0.99,
    "max_env_steps": 2000000,
    "seed": 42
  }
}