{
  "run_tag": "automl_20260206_222815_vbot_navigation_section001_i7_1770394308",
  "env_name": "vbot_navigation_section001",
  "starter_kit_dir": "D:\\MotrixLab\\starter_kit\\navigation1",
  "reward_scales": {
    "position_tracking": 2.985633362993928,
    "fine_position_tracking": 0.9119736666733561,
    "heading_tracking": 1.3391695294604062,
    "forward_velocity": 1.3714895709724337,
    "approach_scale": 6.647846276729605,
    "arrival_bonus": 5.600271988574721,
    "stop_scale": 2.0775496850879596,
    "zero_ang_bonus": 4.800007355348365,
    "orientation": -0.13676943333087677,
    "lin_vel_z": -0.8375598408435692,
    "ang_vel_xy": -0.05,
    "torques": -1e-05,
    "dof_vel": -5e-05,
    "dof_acc": -2.5e-07,
    "action_rate": -0.04160782170738973,
    "termination": -100
  },
  "rl_overrides": {
    "learning_rate": 0.00027323739864374715,
    "entropy_loss_scale": 0.007660732647870493,
    "policy_hidden_layer_sizes": [
      256,
      256,
      256
    ],
    "value_hidden_layer_sizes": [
      256,
      128,
      64
    ],
    "rollouts": 24,
    "learning_epochs": 8,
    "mini_batches": 64,
    "discount_factor": 0.99,
    "max_env_steps": 2000000,
    "seed": 42
  }
}