{
  "run_tag": "automl_20260207_034031_vbot_navigation_section001_i2_1770407859",
  "env_name": "vbot_navigation_section001",
  "starter_kit_dir": "D:\\MotrixLab\\starter_kit\\navigation1",
  "reward_scales": {
    "position_tracking": 3.2644635694991315,
    "fine_position_tracking": 3.9597250548744842,
    "heading_tracking": 1.8634511442809225,
    "forward_velocity": 1.989042173684142,
    "distance_progress": 0.6158052561757739,
    "alive_bonus": 1.0730685686907635,
    "approach_scale": 2.7341491492777372,
    "arrival_bonus": 12.255594092927318,
    "stop_scale": 4.181039736418072,
    "zero_ang_bonus": 2.91818722937035,
    "orientation": -0.037034780008578905,
    "lin_vel_z": -0.07650785052533926,
    "ang_vel_xy": -0.03,
    "torques": -1e-05,
    "dof_vel": -5e-05,
    "dof_acc": -2.5e-07,
    "action_rate": -0.035567996481564314,
    "termination": -50
  },
  "rl_overrides": {
    "learning_rate": 0.00013633019896741223,
    "entropy_loss_scale": 0.005012106697188987,
    "policy_hidden_layer_sizes": [
      256,
      128,
      64
    ],
    "value_hidden_layer_sizes": [
      256,
      128,
      64
    ],
    "rollouts": 32,
    "learning_epochs": 4,
    "mini_batches": 16,
    "discount_factor": 0.99,
    "max_env_steps": 5000000,
    "seed": 42,
    "check_point_interval": 15
  }
}