{
  "run_tag": "automl_20260207_034031_vbot_navigation_section001_i12_1770412977",
  "env_name": "vbot_navigation_section001",
  "starter_kit_dir": "D:\\MotrixLab\\starter_kit\\navigation1",
  "reward_scales": {
    "position_tracking": 4.058859586008824,
    "fine_position_tracking": 1.9028042294937266,
    "heading_tracking": 0.5501162958890115,
    "forward_velocity": 0.9605970097076559,
    "distance_progress": 4.33701116899151,
    "alive_bonus": 1.3503430141094874,
    "approach_scale": 2.500026188765344,
    "arrival_bonus": 23.697338951217848,
    "stop_scale": 1.8059937684183474,
    "zero_ang_bonus": 2.1845957490542203,
    "orientation": -0.21348626358492262,
    "lin_vel_z": -0.5930171683782626,
    "ang_vel_xy": -0.03,
    "torques": -1e-05,
    "dof_vel": -5e-05,
    "dof_acc": -2.5e-07,
    "action_rate": -0.00870444563212383,
    "termination": -200
  },
  "rl_overrides": {
    "learning_rate": 0.0003565559272526244,
    "entropy_loss_scale": 0.0021399607810784847,
    "policy_hidden_layer_sizes": [
      256,
      128,
      64
    ],
    "value_hidden_layer_sizes": [
      256,
      128,
      64
    ],
    "rollouts": 32,
    "learning_epochs": 4,
    "mini_batches": 16,
    "discount_factor": 0.99,
    "max_env_steps": 5000000,
    "seed": 42,
    "check_point_interval": 15
  }
}