{
  "run_tag": "automl_20260207_034031_vbot_navigation_section001_i14_1770413959",
  "env_name": "vbot_navigation_section001",
  "starter_kit_dir": "D:\\MotrixLab\\starter_kit\\navigation1",
  "reward_scales": {
    "position_tracking": 3.29616366221923,
    "fine_position_tracking": 2.165063538446015,
    "heading_tracking": 0.4694575476457624,
    "forward_velocity": 0.9605970097076559,
    "distance_progress": 4.050977935434082,
    "alive_bonus": 1.3503430141094874,
    "approach_scale": 3.275435201478071,
    "arrival_bonus": 28.988606563696354,
    "stop_scale": 1.509853685659472,
    "zero_ang_bonus": 2.0888022726165567,
    "orientation": -0.16365152535802174,
    "lin_vel_z": -0.497992025320474,
    "ang_vel_xy": -0.03,
    "torques": -1e-05,
    "dof_vel": -5e-05,
    "dof_acc": -2.5e-07,
    "action_rate": -0.007353975259728756,
    "termination": -10
  },
  "rl_overrides": {
    "learning_rate": 0.0001253637273284721,
    "entropy_loss_scale": 0.0010461855871891504,
    "policy_hidden_layer_sizes": [
      256,
      128,
      64
    ],
    "value_hidden_layer_sizes": [
      256,
      128,
      64
    ],
    "rollouts": 32,
    "learning_epochs": 4,
    "mini_batches": 16,
    "discount_factor": 0.99,
    "max_env_steps": 5000000,
    "seed": 42,
    "check_point_interval": 15
  }
}