{
  "run_tag": "automl_20260207_034031_vbot_navigation_section001_i1_1770407325",
  "env_name": "vbot_navigation_section001",
  "starter_kit_dir": "D:\\MotrixLab\\starter_kit\\navigation1",
  "reward_scales": {
    "position_tracking": 2.273992592729479,
    "fine_position_tracking": 2.1946264093028773,
    "heading_tracking": 0.23624591387644717,
    "forward_velocity": 1.2515337289089496,
    "distance_progress": 0.8307196923476983,
    "alive_bonus": 0.9761944713064036,
    "approach_scale": 9.9852246649236,
    "arrival_bonus": 28.504857925826673,
    "stop_scale": 2.335769960539194,
    "zero_ang_bonus": 2.0884439348024757,
    "orientation": -0.2794143186901375,
    "lin_vel_z": -0.05427727556966877,
    "ang_vel_xy": -0.03,
    "torques": -1e-05,
    "dof_vel": -5e-05,
    "dof_acc": -2.5e-07,
    "action_rate": -0.034904963675068394,
    "termination": -25
  },
  "rl_overrides": {
    "learning_rate": 2.2783647107635524e-05,
    "entropy_loss_scale": 0.004474250636972499,
    "policy_hidden_layer_sizes": [
      512,
      256,
      128
    ],
    "value_hidden_layer_sizes": [
      256,
      256,
      256
    ],
    "rollouts": 48,
    "learning_epochs": 6,
    "mini_batches": 16,
    "discount_factor": 0.99,
    "max_env_steps": 5000000,
    "seed": 42,
    "check_point_interval": 10
  }
}