{
  "run_tag": "automl_20260207_034031_vbot_navigation_section001_i4_1770408891",
  "env_name": "vbot_navigation_section001",
  "starter_kit_dir": "D:\\MotrixLab\\starter_kit\\navigation1",
  "reward_scales": {
    "position_tracking": 0.9576137638574664,
    "fine_position_tracking": 1.7707639351424036,
    "heading_tracking": 1.890431091187156,
    "forward_velocity": 0.9020595605039448,
    "distance_progress": 4.502845506449267,
    "alive_bonus": 1.4039381161394227,
    "approach_scale": 4.6675169095132905,
    "arrival_bonus": 29.263456539244636,
    "stop_scale": 4.513517187462091,
    "zero_ang_bonus": 9.995763855703721,
    "orientation": -0.1764893023582388,
    "lin_vel_z": -0.3731255590721432,
    "ang_vel_xy": -0.03,
    "torques": -1e-05,
    "dof_vel": -5e-05,
    "dof_acc": -2.5e-07,
    "action_rate": -0.03083784160565647,
    "termination": -100
  },
  "rl_overrides": {
    "learning_rate": 2.0844972217235112e-05,
    "entropy_loss_scale": 0.002145650317208029,
    "policy_hidden_layer_sizes": [
      128,
      64
    ],
    "value_hidden_layer_sizes": [
      128,
      64
    ],
    "rollouts": 48,
    "learning_epochs": 8,
    "mini_batches": 64,
    "discount_factor": 0.99,
    "max_env_steps": 5000000,
    "seed": 42,
    "check_point_interval": 10
  }
}