{
  "run_tag": "automl_20260207_033849_vbot_navigation_section001_i1_1770406741",
  "env_name": "vbot_navigation_section001",
  "starter_kit_dir": "D:\\MotrixLab\\starter_kit\\navigation1",
  "reward_scales": {
    "position_tracking": 2.8195679254698196,
    "fine_position_tracking": 2.942628886729304,
    "heading_tracking": 1.8496295129898523,
    "forward_velocity": 2.34011934452702,
    "distance_progress": 4.034356598992335,
    "alive_bonus": 1.3644724305123161,
    "approach_scale": 8.675757333766027,
    "arrival_bonus": 28.777378911266013,
    "stop_scale": 3.9384302598546554,
    "zero_ang_bonus": 9.419647927849802,
    "orientation": -0.1354727716579778,
    "lin_vel_z": -0.738430395402751,
    "ang_vel_xy": -0.03,
    "torques": -1e-05,
    "dof_vel": -5e-05,
    "dof_acc": -2.5e-07,
    "action_rate": -0.010008714297558167,
    "termination": -10
  },
  "rl_overrides": {
    "learning_rate": 0.0003528912465286317,
    "entropy_loss_scale": 0.007569234182981086,
    "policy_hidden_layer_sizes": [
      128,
      64
    ],
    "value_hidden_layer_sizes": [
      256,
      128,
      64
    ],
    "rollouts": 32,
    "learning_epochs": 6,
    "mini_batches": 64,
    "discount_factor": 0.99,
    "max_env_steps": 2000000,
    "seed": 42
  }
}