{
  "run_tag": "automl_20260207_033849_vbot_navigation_section001_i0_1770406729",
  "env_name": "vbot_navigation_section001",
  "starter_kit_dir": "D:\\MotrixLab\\starter_kit\\navigation1",
  "reward_scales": {
    "position_tracking": 4.674865902906756,
    "fine_position_tracking": 1.0804879527970042,
    "heading_tracking": 1.3627448648028848,
    "forward_velocity": 0.7019571975409495,
    "distance_progress": 2.6651859107336584,
    "alive_bonus": 1.0360972102556416,
    "approach_scale": 5.886880236877755,
    "arrival_bonus": 23.318061676891954,
    "stop_scale": 3.928157060727198,
    "zero_ang_bonus": 11.69356740439954,
    "orientation": -0.1876444271959578,
    "lin_vel_z": -0.06453720516044692,
    "ang_vel_xy": -0.03,
    "torques": -1e-05,
    "dof_vel": -5e-05,
    "dof_acc": -2.5e-07,
    "action_rate": -0.04547382718888864,
    "termination": -200
  },
  "rl_overrides": {
    "learning_rate": 1.2070729481632685e-05,
    "entropy_loss_scale": 0.006573917627760428,
    "policy_hidden_layer_sizes": [
      128,
      64
    ],
    "value_hidden_layer_sizes": [
      512,
      256,
      128
    ],
    "rollouts": 24,
    "learning_epochs": 5,
    "mini_batches": 64,
    "discount_factor": 0.99,
    "max_env_steps": 2000000,
    "seed": 42
  }
}