{
  "run_tag": "automl_20260207_033849_vbot_navigation_section001_i2_1770406750",
  "env_name": "vbot_navigation_section001",
  "starter_kit_dir": "D:\\MotrixLab\\starter_kit\\navigation1",
  "reward_scales": {
    "position_tracking": 1.4999518981403985,
    "fine_position_tracking": 2.7468634323689054,
    "heading_tracking": 0.6857905579077967,
    "forward_velocity": 0.8982007077235303,
    "distance_progress": 1.7929006620842607,
    "alive_bonus": 0.23474438807715584,
    "approach_scale": 7.217589605241368,
    "arrival_bonus": 23.54282286568914,
    "stop_scale": 4.944160951720598,
    "zero_ang_bonus": 10.929762520646744,
    "orientation": -0.054696307860154586,
    "lin_vel_z": -0.3479868435073509,
    "ang_vel_xy": -0.03,
    "torques": -1e-05,
    "dof_vel": -5e-05,
    "dof_acc": -2.5e-07,
    "action_rate": -0.0381518149078581,
    "termination": -10
  },
  "rl_overrides": {
    "learning_rate": 0.0003796256345194718,
    "entropy_loss_scale": 0.0007523899159156051,
    "policy_hidden_layer_sizes": [
      512,
      256,
      128
    ],
    "value_hidden_layer_sizes": [
      512,
      256,
      128
    ],
    "rollouts": 16,
    "learning_epochs": 5,
    "mini_batches": 64,
    "discount_factor": 0.99,
    "max_env_steps": 2000000,
    "seed": 42
  }
}