{
  "run_tag": "automl_20260207_033849_vbot_navigation_section001_i4_1770406770",
  "env_name": "vbot_navigation_section001",
  "starter_kit_dir": "D:\\MotrixLab\\starter_kit\\navigation1",
  "reward_scales": {
    "position_tracking": 2.646446952877523,
    "fine_position_tracking": 3.0598398295805898,
    "heading_tracking": 0.5722817205972598,
    "forward_velocity": 2.199664290420597,
    "distance_progress": 1.7808235321200865,
    "alive_bonus": 0.8654382297194781,
    "approach_scale": 11.550619446414387,
    "arrival_bonus": 6.372259094368669,
    "stop_scale": 3.2162405390925457,
    "zero_ang_bonus": 8.395630547109224,
    "orientation": -0.2210321491941472,
    "lin_vel_z": -0.5114172868289947,
    "ang_vel_xy": -0.03,
    "torques": -1e-05,
    "dof_vel": -5e-05,
    "dof_acc": -2.5e-07,
    "action_rate": -0.03408751999618135,
    "termination": -200
  },
  "rl_overrides": {
    "learning_rate": 3.476337565645209e-05,
    "entropy_loss_scale": 0.0001074153886575215,
    "policy_hidden_layer_sizes": [
      128,
      64
    ],
    "value_hidden_layer_sizes": [
      256,
      128,
      64
    ],
    "rollouts": 32,
    "learning_epochs": 4,
    "mini_batches": 32,
    "discount_factor": 0.99,
    "max_env_steps": 2000000,
    "seed": 42
  }
}