{
  "run_tag": "automl_20260210_002621_vbot_navigation_section001_i0_1770654381",
  "env_name": "vbot_navigation_section001",
  "starter_kit_dir": "D:\\MotrixLab\\starter_kit\\navigation1",
  "reward_scales": {
    "position_tracking": 2.888199973860777,
    "fine_position_tracking": 8.582713075307474,
    "heading_tracking": 1.1065559459930943,
    "forward_velocity": 1.336977265846007,
    "distance_progress": 1.9950331676603392,
    "alive_bonus": 0.0984186663427123,
    "approach_scale": 25.326968913233557,
    "arrival_bonus": 76.204327895512,
    "inner_fence_bonus": 60.652090244382464,
    "stop_scale": 6.334292714880447,
    "zero_ang_bonus": 4.6302816465205066,
    "near_target_speed": -2.466587733373821,
    "boundary_penalty": -3.403203228181244,
    "orientation": -0.0804241917717388,
    "lin_vel_z": -0.4602550145723771,
    "ang_vel_xy": -0.03,
    "torques": -1e-05,
    "dof_vel": -5e-05,
    "dof_acc": -2.5e-07,
    "action_rate": -0.01188764797224183,
    "termination": -150
  },
  "rl_overrides": {
    "learning_rate": 0.0002302329457706137,
    "entropy_loss_scale": 0.005631428727602418,
    "policy_hidden_layer_sizes": [
      512,
      256,
      128
    ],
    "value_hidden_layer_sizes": [
      256,
      256,
      256
    ],
    "rollouts": 32,
    "learning_epochs": 4,
    "mini_batches": 32,
    "discount_factor": 0.99,
    "max_env_steps": 10000000,
    "seed": 42,
    "check_point_interval": 30
  }
}