{
  "run_tag": "automl_20260210_125516_vbot_navigation_section001_i0_1770699316",
  "env_name": "vbot_navigation_section001",
  "starter_kit_dir": "D:\\MotrixLab\\starter_kit\\navigation1",
  "reward_scales": {
    "position_tracking": 0.8914696891501204,
    "fine_position_tracking": 5.9114217901213815,
    "heading_tracking": 0.40481355289438775,
    "forward_velocity": 1.330199719887271,
    "distance_progress": 0.6426080930318963,
    "alive_bonus": 0.2016491250323177,
    "approach_scale": 16.04895949794593,
    "arrival_bonus": 84.87354859809071,
    "inner_fence_bonus": 28.22430930324546,
    "stop_scale": 3.79675506463355,
    "zero_ang_bonus": 12.886839547056425,
    "near_target_speed": -1.2057131852722542,
    "boundary_penalty": -2.60351296536433,
    "orientation": -0.06123636311000434,
    "lin_vel_z": -0.343661030824936,
    "ang_vel_xy": -0.03,
    "torques": -1e-05,
    "dof_vel": -5e-05,
    "dof_acc": -2.5e-07,
    "action_rate": -0.021659458151589657,
    "termination": -150
  },
  "rl_overrides": {
    "learning_rate": 0.0005146294368784588,
    "entropy_loss_scale": 0.009457450632567173,
    "policy_hidden_layer_sizes": [
      256,
      128,
      64
    ],
    "value_hidden_layer_sizes": [
      512,
      256,
      128
    ],
    "rollouts": 24,
    "learning_epochs": 6,
    "mini_batches": 32,
    "discount_factor": 0.99,
    "max_env_steps": 10000000,
    "seed": 42,
    "check_point_interval": 40
  }
}