{
  "run_tag": "automl_20260210_125516_vbot_navigation_section001_i1_1770701054",
  "env_name": "vbot_navigation_section001",
  "starter_kit_dir": "D:\\MotrixLab\\starter_kit\\navigation1",
  "reward_scales": {
    "position_tracking": 1.6579181386669832,
    "fine_position_tracking": 9.88428563177818,
    "heading_tracking": 0.5770056011620399,
    "forward_velocity": 2.306530329488879,
    "distance_progress": 0.6661587435625891,
    "alive_bonus": 0.10223876349021695,
    "approach_scale": 33.73432449887244,
    "arrival_bonus": 121.41453797012046,
    "inner_fence_bonus": 33.34557181478513,
    "stop_scale": 3.308118461105628,
    "zero_ang_bonus": 6.434345070558777,
    "near_target_speed": -2.6298179120016565,
    "boundary_penalty": -2.516515597811468,
    "orientation": -0.04498847261544171,
    "lin_vel_z": -0.5814928937182483,
    "ang_vel_xy": -0.03,
    "torques": -1e-05,
    "dof_vel": -5e-05,
    "dof_acc": -2.5e-07,
    "action_rate": -0.02140957258725394,
    "termination": -150
  },
  "rl_overrides": {
    "learning_rate": 0.00021417405330888663,
    "entropy_loss_scale": 0.012030418468419754,
    "policy_hidden_layer_sizes": [
      256,
      128,
      64
    ],
    "value_hidden_layer_sizes": [
      256,
      128,
      64
    ],
    "rollouts": 32,
    "learning_epochs": 6,
    "mini_batches": 32,
    "discount_factor": 0.99,
    "max_env_steps": 10000000,
    "seed": 42,
    "check_point_interval": 30
  }
}