{
  "run_tag": "automl_20260220_212005_stage1_flat_i2_1771597060",
  "env_name": "vbot_navigation_section011",
  "starter_kit_dir": "D:\\MotrixLab\\starter_kit\\navigation2",
  "reward_scales": {
    "forward_velocity": 2.8425158022057273,
    "waypoint_approach": 259.03710199583657,
    "zone_approach": 40.39696386050045,
    "height_progress": 21.850963301218563,
    "position_tracking": 0.6023509042871742,
    "waypoint_facing": 1.1072636057550482,
    "alive_bonus": 1.9133621348214989,
    "alive_decay_horizon": 2547.419046686939,
    "waypoint_bonus": 62.123917112580784,
    "phase_bonus": 47.04815430384032,
    "per_jump_bonus": 19.594338924420597,
    "celebration_bonus": 159.79745526336146,
    "jump_reward": 10.17650369958343,
    "termination": -200,
    "orientation": -0.049756673129431064,
    "lin_vel_z": -0.19437175522001754,
    "ang_vel_xy": -0.02765906209414031,
    "action_rate": -0.0074020449864033635,
    "impact_penalty": -0.008164065295481263,
    "torque_saturation": -0.025325213671473886,
    "swing_contact_penalty": -0.04640722368166661,
    "stance_ratio": 0.0362549889218645,
    "foot_clearance": 0.262310606203459,
    "foot_clearance_bump_boost": 5.496465392390226,
    "swing_contact_bump_scale": 0.542695338847777,
    "drag_foot_penalty": -0.144607677207339,
    "stagnation_penalty": -1.8877652696428129,
    "crouch_penalty": -4.367493150675726
  },
  "rl_overrides": {
    "learning_rate": 0.0002754446746444625,
    "entropy_loss_scale": 0.00960386262818456,
    "policy_hidden_layer_sizes": [
      512,
      256,
      128
    ],
    "value_hidden_layer_sizes": [
      512,
      256,
      128
    ],
    "rollouts": 24,
    "learning_epochs": 6,
    "mini_batches": 16,
    "discount_factor": 0.999,
    "max_env_steps": 15000000,
    "seed": 42,
    "check_point_interval": 101
  }
}