{
  "run_tag": "automl_20260207_140249_vbot_navigation_section001_i1_1770445721",
  "env_name": "vbot_navigation_section001",
  "starter_kit_dir": "D:\\MotrixLab\\starter_kit\\navigation1",
  "reward_scales": {
    "position_tracking": 2.844117035552992,
    "fine_position_tracking": 8.747989633490393,
    "heading_tracking": 1.8500890719926764,
    "forward_velocity": 2.390839795688062,
    "distance_progress": 0.9696602588088307,
    "alive_bonus": 0.6110834152396472,
    "approach_scale": 5.900356243323207,
    "arrival_bonus": 99.43899042617667,
    "stop_scale": 4.323055510144928,
    "zero_ang_bonus": 9.988270899202146,
    "orientation": -0.1490221685539111,
    "lin_vel_z": -0.8297962377079744,
    "ang_vel_xy": -0.03,
    "torques": -1e-05,
    "dof_vel": -5e-05,
    "dof_acc": -2.5e-07,
    "action_rate": -0.047718601930689705,
    "termination": -10
  },
  "rl_overrides": {
    "learning_rate": 3.016414939980514e-05,
    "entropy_loss_scale": 0.0011153411778029561,
    "policy_hidden_layer_sizes": [
      256,
      256,
      256
    ],
    "value_hidden_layer_sizes": [
      128,
      64
    ],
    "rollouts": 16,
    "learning_epochs": 6,
    "mini_batches": 32,
    "discount_factor": 0.99,
    "max_env_steps": 10000000,
    "seed": 42,
    "check_point_interval": 61
  }
}