{
  "run_tag": "automl_20260209_224752_vbot_navigation_section001_i2_1770649976",
  "env_name": "vbot_navigation_section001",
  "starter_kit_dir": "D:\\MotrixLab\\starter_kit\\navigation1",
  "reward_scales": {
    "position_tracking": 4.346204883014804,
    "fine_position_tracking": 7.667209888554171,
    "heading_tracking": 0.6692832943565145,
    "forward_velocity": 0.7107144825875134,
    "distance_progress": 1.9885127260022073,
    "alive_bonus": 0.47846579498445524,
    "approach_scale": 6.03582550853614,
    "arrival_bonus": 57.74916728563497,
    "inner_fence_bonus": 18.848522803578984,
    "stop_scale": 2.6269450630375095,
    "zero_ang_bonus": 8.296401514484632,
    "near_target_speed": -3.137322145844281,
    "boundary_penalty": -5.1729581966984375,
    "orientation": -0.07438383042451341,
    "lin_vel_z": -0.6125254191520464,
    "ang_vel_xy": -0.03,
    "torques": -1e-05,
    "dof_vel": -5e-05,
    "dof_acc": -2.5e-07,
    "action_rate": -0.027988233618466384,
    "termination": -150
  },
  "rl_overrides": {
    "learning_rate": 0.00013578718850755243,
    "entropy_loss_scale": 0.0002025150398450642,
    "policy_hidden_layer_sizes": [
      128,
      64
    ],
    "value_hidden_layer_sizes": [
      256,
      128,
      64
    ],
    "rollouts": 32,
    "learning_epochs": 4,
    "mini_batches": 32,
    "discount_factor": 0.99,
    "max_env_steps": 10000000,
    "seed": 42,
    "check_point_interval": 30
  }
}