{
  "run_tag": "automl_20260209_224752_vbot_navigation_section001_i4_1770651815",
  "env_name": "vbot_navigation_section001",
  "starter_kit_dir": "D:\\MotrixLab\\starter_kit\\navigation1",
  "reward_scales": {
    "position_tracking": 2.7671268035798002,
    "fine_position_tracking": 4.754318182894391,
    "heading_tracking": 0.5858264401516735,
    "forward_velocity": 0.5006728086047226,
    "distance_progress": 0.5141063773079699,
    "alive_bonus": 0.35076328819450003,
    "approach_scale": 9.499633705812862,
    "arrival_bonus": 96.22988820194999,
    "inner_fence_bonus": 71.67065560501621,
    "stop_scale": 11.846565518594664,
    "zero_ang_bonus": 11.305318592857624,
    "near_target_speed": -3.266101877258918,
    "boundary_penalty": -8.293617143563381,
    "orientation": -0.022293705118635154,
    "lin_vel_z": -0.5461306776470802,
    "ang_vel_xy": -0.03,
    "torques": -1e-05,
    "dof_vel": -5e-05,
    "dof_acc": -2.5e-07,
    "action_rate": -0.03361983506778746,
    "termination": -100
  },
  "rl_overrides": {
    "learning_rate": 9.533824978312764e-05,
    "entropy_loss_scale": 0.009026887043310283,
    "policy_hidden_layer_sizes": [
      128,
      64
    ],
    "value_hidden_layer_sizes": [
      256,
      128,
      64
    ],
    "rollouts": 48,
    "learning_epochs": 8,
    "mini_batches": 64,
    "discount_factor": 0.99,
    "max_env_steps": 10000000,
    "seed": 42,
    "check_point_interval": 20
  }
}