{
  "run_tag": "automl_20260209_224752_vbot_navigation_section001_i3_1770650848",
  "env_name": "vbot_navigation_section001",
  "starter_kit_dir": "D:\\MotrixLab\\starter_kit\\navigation1",
  "reward_scales": {
    "position_tracking": 4.4237380463581495,
    "fine_position_tracking": 8.006539959358223,
    "heading_tracking": 1.8113349164975512,
    "forward_velocity": 0.48907512988205065,
    "distance_progress": 2.6483608439326844,
    "alive_bonus": 0.34518505461001464,
    "approach_scale": 9.799316116916,
    "arrival_bonus": 127.57699606104403,
    "inner_fence_bonus": 36.86271438442992,
    "stop_scale": 7.725797386807908,
    "zero_ang_bonus": 15.582163439411033,
    "near_target_speed": -1.9025866702046792,
    "boundary_penalty": -5.67332727489799,
    "orientation": -0.026209810820554236,
    "lin_vel_z": -0.6316459759534431,
    "ang_vel_xy": -0.03,
    "torques": -1e-05,
    "dof_vel": -5e-05,
    "dof_acc": -2.5e-07,
    "action_rate": -0.038077758383109936,
    "termination": -150
  },
  "rl_overrides": {
    "learning_rate": 9.458642677028608e-05,
    "entropy_loss_scale": 0.00011698472298366122,
    "policy_hidden_layer_sizes": [
      256,
      256,
      256
    ],
    "value_hidden_layer_sizes": [
      256,
      256,
      256
    ],
    "rollouts": 24,
    "learning_epochs": 5,
    "mini_batches": 32,
    "discount_factor": 0.99,
    "max_env_steps": 10000000,
    "seed": 42,
    "check_point_interval": 40
  }
}