{
  "run_tag": "automl_20260209_224752_vbot_navigation_section001_i1_1770649193",
  "env_name": "vbot_navigation_section001",
  "starter_kit_dir": "D:\\MotrixLab\\starter_kit\\navigation1",
  "reward_scales": {
    "position_tracking": 1.2975777733336464,
    "fine_position_tracking": 14.293756544942879,
    "heading_tracking": 1.3555304566169393,
    "forward_velocity": 0.788765948391029,
    "distance_progress": 1.091872507492988,
    "alive_bonus": 0.23299291488093127,
    "approach_scale": 8.071480766727364,
    "arrival_bonus": 89.06994850624372,
    "inner_fence_bonus": 10.613587953097102,
    "stop_scale": 3.0878245198603906,
    "zero_ang_bonus": 8.867663806883229,
    "near_target_speed": -2.162713972986473,
    "boundary_penalty": -7.727712716456383,
    "orientation": -0.11019160499866618,
    "lin_vel_z": -0.31524790874390174,
    "ang_vel_xy": -0.03,
    "torques": -1e-05,
    "dof_vel": -5e-05,
    "dof_acc": -2.5e-07,
    "action_rate": -0.011857460514253675,
    "termination": -300
  },
  "rl_overrides": {
    "learning_rate": 1.552561386989626e-05,
    "entropy_loss_scale": 0.0015188292084594326,
    "policy_hidden_layer_sizes": [
      128,
      64
    ],
    "value_hidden_layer_sizes": [
      256,
      256,
      256
    ],
    "rollouts": 16,
    "learning_epochs": 5,
    "mini_batches": 32,
    "discount_factor": 0.99,
    "max_env_steps": 10000000,
    "seed": 42,
    "check_point_interval": 61
  }
}