{
  "run_tag": "automl_20260206_163021_vbot_navigation_section001_i7_1770386483",
  "env_name": "vbot_navigation_section001",
  "reward_scales": {
    "position_tracking": 1.7036326134896047,
    "fine_position_tracking": 2.2116802890580938,
    "heading_tracking": 0.6992013899893385,
    "forward_velocity": 1.561259582216122,
    "approach_scale": 8.221988228446202,
    "arrival_bonus": 16.080532765224902,
    "stop_scale": 3.321097333391155,
    "zero_ang_bonus": 4.082085387774335,
    "orientation": -0.11553090047117923,
    "lin_vel_z": -0.6491848067629096,
    "ang_vel_xy": -0.05,
    "torques": -1e-05,
    "dof_vel": -5e-05,
    "dof_acc": -2.5e-07,
    "action_rate": -0.04231721580175088,
    "termination": -300
  },
  "rl_overrides": {
    "learning_rate": 0.00017168586660425397,
    "entropy_loss_scale": 0.0002999158720777919,
    "policy_hidden_layer_sizes": [
      256,
      256,
      256
    ],
    "value_hidden_layer_sizes": [
      512,
      256,
      128
    ],
    "rollouts": 16,
    "learning_epochs": 5,
    "mini_batches": 64,
    "discount_factor": 0.99,
    "max_env_steps": 2000000,
    "seed": 42
  }
}