{
  "run_tag": "automl_20260206_163021_vbot_navigation_section001_i7_1770386507",
  "env_name": "vbot_navigation_section001",
  "reward_scales": {
    "position_tracking": 0.5793958813232329,
    "fine_position_tracking": 3.391602601657924,
    "heading_tracking": 0.13176036419519221,
    "forward_velocity": 1.7594525581990108,
    "approach_scale": 4.864233394345765,
    "arrival_bonus": 7.878709309916603,
    "stop_scale": 4.34546703570462,
    "zero_ang_bonus": 5.460749555932221,
    "orientation": -0.06980210952327282,
    "lin_vel_z": -0.24206411312976606,
    "ang_vel_xy": -0.05,
    "torques": -1e-05,
    "dof_vel": -5e-05,
    "dof_acc": -2.5e-07,
    "action_rate": -0.012199034721012102,
    "termination": -500
  },
  "rl_overrides": {
    "learning_rate": 0.00017168586660425397,
    "entropy_loss_scale": 0.0002999158720777919,
    "policy_hidden_layer_sizes": [
      256,
      256,
      256
    ],
    "value_hidden_layer_sizes": [
      512,
      256,
      128
    ],
    "rollouts": 16,
    "learning_epochs": 5,
    "mini_batches": 64,
    "discount_factor": 0.99,
    "max_env_steps": 2000000,
    "seed": 42
  }
}