{
  "run_tag": "automl_20260206_163021_vbot_navigation_section001_i7_1770386506",
  "env_name": "vbot_navigation_section001",
  "reward_scales": {
    "position_tracking": 1.65523030352069,
    "fine_position_tracking": 1.5625258443448828,
    "heading_tracking": 0.7362443270783413,
    "forward_velocity": 0.6071063609377287,
    "approach_scale": 6.046000259129991,
    "arrival_bonus": 15.884301838523776,
    "stop_scale": 1.4180937866927943,
    "zero_ang_bonus": 11.132932197075217,
    "orientation": -0.2492652893442935,
    "lin_vel_z": -0.24206411312976606,
    "ang_vel_xy": -0.05,
    "torques": -1e-05,
    "dof_vel": -5e-05,
    "dof_acc": -2.5e-07,
    "action_rate": -0.013289981901764968,
    "termination": -50
  },
  "rl_overrides": {
    "learning_rate": 0.00017168586660425397,
    "entropy_loss_scale": 0.0002999158720777919,
    "policy_hidden_layer_sizes": [
      256,
      256,
      256
    ],
    "value_hidden_layer_sizes": [
      512,
      256,
      128
    ],
    "rollouts": 16,
    "learning_epochs": 5,
    "mini_batches": 64,
    "discount_factor": 0.99,
    "max_env_steps": 2000000,
    "seed": 42
  }
}