{
  "run_tag": "automl_20260206_163021_vbot_navigation_section001_i7_1770386495",
  "env_name": "vbot_navigation_section001",
  "reward_scales": {
    "position_tracking": 0.5272934695279132,
    "fine_position_tracking": 2.916977379415064,
    "heading_tracking": 0.30069932363117174,
    "forward_velocity": 1.0682202947393034,
    "approach_scale": 4.864233394345765,
    "arrival_bonus": 7.878709309916603,
    "stop_scale": 4.555665295621733,
    "zero_ang_bonus": 7.263345369804018,
    "orientation": -0.12140953285439608,
    "lin_vel_z": -0.8513943164837066,
    "ang_vel_xy": -0.05,
    "torques": -1e-05,
    "dof_vel": -5e-05,
    "dof_acc": -2.5e-07,
    "action_rate": -0.007610481485296465,
    "termination": -50
  },
  "rl_overrides": {
    "learning_rate": 0.00017168586660425397,
    "entropy_loss_scale": 0.0002999158720777919,
    "policy_hidden_layer_sizes": [
      256,
      256,
      256
    ],
    "value_hidden_layer_sizes": [
      512,
      256,
      128
    ],
    "rollouts": 16,
    "learning_epochs": 5,
    "mini_batches": 64,
    "discount_factor": 0.99,
    "max_env_steps": 2000000,
    "seed": 42
  }
}