{
  "run_tag": "automl_20260206_163021_vbot_navigation_section001_i7_1770386489",
  "env_name": "vbot_navigation_section001",
  "reward_scales": {
    "position_tracking": 4.667192824999972,
    "fine_position_tracking": 3.372226961862883,
    "heading_tracking": 0.7207269639310623,
    "forward_velocity": 0.158422813180763,
    "approach_scale": 7.698508985458829,
    "arrival_bonus": 11.010710034285855,
    "stop_scale": 3.7516343375587,
    "zero_ang_bonus": 5.433639373584761,
    "orientation": -0.16440376216764316,
    "lin_vel_z": -1.925639116643541,
    "ang_vel_xy": -0.05,
    "torques": -1e-05,
    "dof_vel": -5e-05,
    "dof_acc": -2.5e-07,
    "action_rate": -0.03442472853968461,
    "termination": -500
  },
  "rl_overrides": {
    "learning_rate": 0.00017168586660425397,
    "entropy_loss_scale": 0.0002999158720777919,
    "policy_hidden_layer_sizes": [
      256,
      256,
      256
    ],
    "value_hidden_layer_sizes": [
      512,
      256,
      128
    ],
    "rollouts": 16,
    "learning_epochs": 5,
    "mini_batches": 64,
    "discount_factor": 0.99,
    "max_env_steps": 2000000,
    "seed": 42
  }
}