{
  "run_tag": "automl_20260206_163021_vbot_navigation_section001_i7_1770386504",
  "env_name": "vbot_navigation_section001",
  "reward_scales": {
    "position_tracking": 0.5793958813232329,
    "fine_position_tracking": 3.459478360680544,
    "heading_tracking": 0.13176036419519221,
    "forward_velocity": 1.6281814261608292,
    "approach_scale": 6.351790454943635,
    "arrival_bonus": 15.884301838523776,
    "stop_scale": 3.8407139658287526,
    "zero_ang_bonus": 11.132932197075217,
    "orientation": -0.26253198330876265,
    "lin_vel_z": -0.49145996338748366,
    "ang_vel_xy": -0.05,
    "torques": -1e-05,
    "dof_vel": -5e-05,
    "dof_acc": -2.5e-07,
    "action_rate": -0.016548690013849773,
    "termination": -50
  },
  "rl_overrides": {
    "learning_rate": 0.00017168586660425397,
    "entropy_loss_scale": 0.0002999158720777919,
    "policy_hidden_layer_sizes": [
      256,
      256,
      256
    ],
    "value_hidden_layer_sizes": [
      512,
      256,
      128
    ],
    "rollouts": 16,
    "learning_epochs": 5,
    "mini_batches": 64,
    "discount_factor": 0.99,
    "max_env_steps": 2000000,
    "seed": 42
  }
}