{
  "run_tag": "automl_20260206_163021_vbot_navigation_section001_i7_1770386486",
  "env_name": "vbot_navigation_section001",
  "reward_scales": {
    "position_tracking": 4.130718356499257,
    "fine_position_tracking": 1.2939690393342107,
    "heading_tracking": 0.8447821138782319,
    "forward_velocity": 1.4088993188666399,
    "approach_scale": 5.8824724700723285,
    "arrival_bonus": 12.316973982059325,
    "stop_scale": 2.4915843812558873,
    "zero_ang_bonus": 4.932004392625053,
    "orientation": -0.10331172443488057,
    "lin_vel_z": -0.36157701774541495,
    "ang_vel_xy": -0.05,
    "torques": -1e-05,
    "dof_vel": -5e-05,
    "dof_acc": -2.5e-07,
    "action_rate": -0.020627933853867058,
    "termination": -300
  },
  "rl_overrides": {
    "learning_rate": 0.00017168586660425397,
    "entropy_loss_scale": 0.0002999158720777919,
    "policy_hidden_layer_sizes": [
      256,
      256,
      256
    ],
    "value_hidden_layer_sizes": [
      512,
      256,
      128
    ],
    "rollouts": 16,
    "learning_epochs": 5,
    "mini_batches": 64,
    "discount_factor": 0.99,
    "max_env_steps": 2000000,
    "seed": 42
  }
}