{
  "run_tag": "automl_20260207_133230_vbot_navigation_section001_i0_1770442350",
  "env_name": "vbot_navigation_section001",
  "starter_kit_dir": "D:\\MotrixLab\\starter_kit\\navigation1",
  "reward_scales": {
    "position_tracking": 2.0070570237776897,
    "fine_position_tracking": 2.479884812797102,
    "heading_tracking": 1.9854857505959183,
    "forward_velocity": 0.6509338423671847,
    "distance_progress": 4.812577512699022,
    "alive_bonus": 0.19513905299579265,
    "approach_scale": 10.697926064101214,
    "arrival_bonus": 60.67894081131399,
    "stop_scale": 3.5520592034208294,
    "zero_ang_bonus": 7.310260152409093,
    "orientation": -0.13513551967382767,
    "lin_vel_z": -0.3973351357539685,
    "ang_vel_xy": -0.03,
    "torques": -1e-05,
    "dof_vel": -5e-05,
    "dof_acc": -2.5e-07,
    "action_rate": -0.01900518561861396,
    "termination": -25
  },
  "rl_overrides": {
    "learning_rate": 0.000245771465377318,
    "entropy_loss_scale": 0.0007710512749129286,
    "policy_hidden_layer_sizes": [
      512,
      256,
      128
    ],
    "value_hidden_layer_sizes": [
      256,
      128,
      64
    ],
    "rollouts": 24,
    "learning_epochs": 5,
    "mini_batches": 32,
    "discount_factor": 0.99,
    "max_env_steps": 10000000,
    "seed": 42,
    "check_point_interval": 40
  }
}