{
  "run_tag": "stage3_relaxed_B_T10",
  "env_name": "vbot_navigation_section011",
  "starter_kit_dir": "D:\\MotrixLab\\starter_kit\\navigation2",
  "reward_scales": {
    "forward_velocity": 6.888719469793116,
    "waypoint_approach": 407.86645302863496,
    "zone_approach": 230.93908891527275,
    "position_tracking": 1.4296324173414396,
    "waypoint_facing": 1.3201109309526353,
    "alive_bonus": 3.4649425995730234,
    "alive_decay_horizon": 3372.1535534550844,
    "waypoint_bonus": 52.844833541560824,
    "phase_bonus": 147.62834315037918,
    "per_jump_bonus": 25.20628248848773,
    "celebration_bonus": 229.82731379241886,
    "jump_reward": 10.074643708550585,
    "termination": -50,
    "orientation": -0.023096264544667854,
    "lin_vel_z": -0.06208545094376866,
    "ang_vel_xy": -0.08082279053957699,
    "action_rate": -0.025852640629589238,
    "impact_penalty": -0.04613925320703258,
    "torque_saturation": -0.03750844254606657,
    "swing_contact_penalty": -0.007202004198264866,
    "stance_ratio": 0.0004552066450479242,
    "foot_clearance": 0.24418324809336323,
    "foot_clearance_bump_boost": 17.184684072103526,
    "foot_clearance_bump_boost_pre_margin": 1.1958554775897479,
    "foot_clearance_bump_boost_post_margin": 0.7751770848877605,
    "foot_clearance_pre_zone_ratio": 0.6149910830292815,
    "swing_contact_bump_scale": 0.49465918845410295,
    "drag_foot_penalty": -0.2771464978043599,
    "stagnation_penalty": -0.6190872901536508,
    "crouch_penalty": -1.3457854045170348,
    "dof_pos": -0.027087053901335
  },
  "rl_overrides": {
    "learning_rate": 0.00015066,
    "entropy_loss_scale": 0.00257482,
    "policy_hidden_layer_sizes": [
      512,
      256,
      128
    ],
    "value_hidden_layer_sizes": [
      512,
      256,
      128
    ],
    "rollouts": 24,
    "learning_epochs": 6,
    "mini_batches": 16,
    "discount_factor": 0.999,
    "max_env_steps": 50000000,
    "seed": 42,
    "check_point_interval": 500
  },
  "checkpoint": "runs/vbot_navigation_section011/26-02-23_16-27-16-527358_PPO/checkpoints/agent_12000.pt",
  "freeze_preprocessor": true,
  "env_overrides": {
    "termination_mode": "relaxed",
    "hard_tilt_deg": 85.0,
    "soft_tilt_deg": 0.0,
    "enable_base_contact_term": false,
    "enable_stagnation_truncate": false,
    "grace_period_steps": 500
  }
}