{
    "run_tag": "seed_t0_exact_t10",
    "env_name": "vbot_navigation_section011",
    "starter_kit_dir": "D:\\MotrixLab\\starter_kit\\navigation2",
    "reward_scales": {
        "forward_velocity": 6.0570522679888015,
        "waypoint_approach": 510.9087088308835,
        "zone_approach": 196.2964256631318,
        "position_tracking": 1.3936177719728913,
        "waypoint_facing": 0.7262049105758532,
        "alive_bonus": 2.498844739105836,
        "alive_decay_horizon": 3920.9190984620263,
        "waypoint_bonus": 27.221050870026623,
        "phase_bonus": 99.75361356129834,
        "per_turn_bonus": 46.78514799783631,
        "celebration_bonus": 126.62146001121945,
        "turn_reward": 7.548220327663893,
        "termination": -50,
        "orientation": -0.010946051385616037,
        "lin_vel_z": -0.032212968399816314,
        "ang_vel_xy": -0.1,
        "action_rate": -0.04211275165413107,
        "impact_penalty": -0.053915288648038726,
        "torque_saturation": -0.07371042204630351,
        "swing_contact_penalty": -0.0050557188733868575,
        "stance_ratio": 0.0006545342544677514,
        "foot_clearance": 0.4479307895631387,
        "foot_clearance_bump_boost": 12.98598355414332,
        "swing_contact_bump_scale": 0.42453875025486176,
        "drag_foot_penalty": -0.28263376964966974,
        "stagnation_penalty": -1.2875600337555013,
        "crouch_penalty": -1.2316052431562414,
        "dof_pos": -0.024431412310269247
    },
    "rl_overrides": {
        "learning_rate": 0.001,
        "entropy_loss_scale": 0.004119716388111461,
        "policy_hidden_layer_sizes": [512, 256, 128],
        "value_hidden_layer_sizes": [512, 256, 128],
        "rollouts": 24,
        "learning_epochs": 6,
        "mini_batches": 16,
        "discount_factor": 0.999,
        "max_env_steps": 15000000,
        "seed": 42,
        "check_point_interval": 101
    }
}
