{
  "run_tag": "automl_20260220_071134_stage1_flat_i9_1771558329",
  "env_name": "vbot_navigation_section011",
  "starter_kit_dir": "D:\\MotrixLab\\starter_kit\\navigation2",
  "reward_scales": {
    "forward_velocity": 2.841542002233309,
    "waypoint_approach": 213.57532147471323,
    "zone_approach": 62.13825608905963,
    "height_progress": 26.96474859807327,
    "position_tracking": 0.245379485367234,
    "waypoint_facing": 0.84104546841103,
    "alive_bonus": 0.910305047304098,
    "alive_decay_horizon": 2383.134015640657,
    "waypoint_bonus": 57.85372917557296,
    "phase_bonus": 13.067074210693566,
    "per_jump_bonus": 73.81412925621457,
    "celebration_bonus": 115.79936229653163,
    "jump_reward": 9.588078596350007,
    "termination": -200,
    "orientation": -0.019612946677600135,
    "lin_vel_z": -0.026656634835713455,
    "ang_vel_xy": -0.02394214823881587,
    "action_rate": -0.00922413083338592,
    "impact_penalty": -0.09460753455541454,
    "torque_saturation": -0.014205043200002567,
    "swing_contact_penalty": -0.003521316191449807,
    "stance_ratio": 0.05073561754449117,
    "foot_clearance": 0.17731461422126094,
    "foot_clearance_bump_boost": 7.290951378572165,
    "swing_contact_bump_scale": 0.2456469179111613
  },
  "rl_overrides": {
    "learning_rate": 0.0004086253704940752,
    "entropy_loss_scale": 0.0038218024096188796,
    "policy_hidden_layer_sizes": [
      512,
      256,
      128
    ],
    "value_hidden_layer_sizes": [
      512,
      256,
      128
    ],
    "rollouts": 24,
    "learning_epochs": 6,
    "mini_batches": 16,
    "discount_factor": 0.999,
    "max_env_steps": 15000000,
    "seed": 42,
    "check_point_interval": 101
  }
}