{
  "run_tag": "automl_20260220_071134_stage1_flat_i3_1771547781",
  "env_name": "vbot_navigation_section011",
  "starter_kit_dir": "D:\\MotrixLab\\starter_kit\\navigation2",
  "reward_scales": {
    "forward_velocity": 3.356012300855703,
    "waypoint_approach": 214.37550764428127,
    "zone_approach": 46.09727019345559,
    "height_progress": 28.11744378122689,
    "position_tracking": 0.20678908345173627,
    "waypoint_facing": 0.9301375506873815,
    "alive_bonus": 0.8663777253872977,
    "alive_decay_horizon": 1503.1812654213368,
    "waypoint_bonus": 35.06615154458861,
    "phase_bonus": 22.583081176495124,
    "per_jump_bonus": 61.64045165757792,
    "celebration_bonus": 172.4288910518932,
    "jump_reward": 19.483440532932303,
    "termination": -150,
    "orientation": -0.008615081276812868,
    "lin_vel_z": -0.029357256530753162,
    "ang_vel_xy": -0.046809009341561236,
    "action_rate": -0.013696088936787865,
    "impact_penalty": -0.054025730919750936,
    "torque_saturation": -0.005583522936523054,
    "swing_contact_penalty": -0.0306560659068309,
    "stance_ratio": 0.05539068195738075,
    "foot_clearance": 0.2856450477257253,
    "foot_clearance_bump_boost": 14.309987049084262,
    "swing_contact_bump_scale": 0.19310650465105098
  },
  "rl_overrides": {
    "learning_rate": 0.0003392840438818685,
    "entropy_loss_scale": 0.005843299785079615,
    "policy_hidden_layer_sizes": [
      512,
      256,
      128
    ],
    "value_hidden_layer_sizes": [
      512,
      256,
      128
    ],
    "rollouts": 24,
    "learning_epochs": 6,
    "mini_batches": 16,
    "discount_factor": 0.999,
    "max_env_steps": 15000000,
    "seed": 42,
    "check_point_interval": 101
  }
}