{
  "run_tag": "automl_20260220_071134_stage1_flat_i7_1771554673",
  "env_name": "vbot_navigation_section011",
  "starter_kit_dir": "D:\\MotrixLab\\starter_kit\\navigation2",
  "reward_scales": {
    "forward_velocity": 3.1632038662104858,
    "waypoint_approach": 300.0,
    "zone_approach": 62.13825608905963,
    "height_progress": 26.96474859807327,
    "position_tracking": 0.3027755482830147,
    "waypoint_facing": 0.84104546841103,
    "alive_bonus": 1.055717426859804,
    "alive_decay_horizon": 2383.134015640657,
    "waypoint_bonus": 50.046431044937705,
    "phase_bonus": 13.067074210693566,
    "per_jump_bonus": 59.64066846934144,
    "celebration_bonus": 115.79936229653163,
    "jump_reward": 7.343976483291792,
    "termination": -50,
    "orientation": -0.026150338497985585,
    "lin_vel_z": -0.029653737423551915,
    "ang_vel_xy": -0.031475475794662366,
    "action_rate": -0.00922413083338592,
    "impact_penalty": -0.09460753455541454,
    "torque_saturation": -0.014205043200002567,
    "swing_contact_penalty": -0.003121315901749892,
    "stance_ratio": 0.0456778205001938,
    "foot_clearance": 0.17731461422126094,
    "foot_clearance_bump_boost": 9.21400020245845,
    "swing_contact_bump_scale": 0.20132660966210447
  },
  "rl_overrides": {
    "learning_rate": 0.0004414801924404908,
    "entropy_loss_scale": 0.002979575921573823,
    "policy_hidden_layer_sizes": [
      512,
      256,
      128
    ],
    "value_hidden_layer_sizes": [
      512,
      256,
      128
    ],
    "rollouts": 24,
    "learning_epochs": 6,
    "mini_batches": 16,
    "discount_factor": 0.999,
    "max_env_steps": 15000000,
    "seed": 42,
    "check_point_interval": 101
  }
}