{
  "run_tag": "automl_20260220_071134_stage1_flat_i11_1771562004",
  "env_name": "vbot_navigation_section011",
  "starter_kit_dir": "D:\\MotrixLab\\starter_kit\\navigation2",
  "reward_scales": {
    "forward_velocity": 3.1632038662104858,
    "waypoint_approach": 221.59099688963346,
    "zone_approach": 62.13825608905963,
    "height_progress": 26.96474859807327,
    "position_tracking": 0.245379485367234,
    "waypoint_facing": 0.7172015639776359,
    "alive_bonus": 1.2645899186026348,
    "alive_decay_horizon": 1952.3606211082972,
    "waypoint_bonus": 50.046431044937705,
    "phase_bonus": 12.344600016460708,
    "per_jump_bonus": 59.64066846934144,
    "celebration_bonus": 115.79936229653163,
    "jump_reward": 11.372829275440747,
    "termination": -50,
    "orientation": -0.02667019743621872,
    "lin_vel_z": -0.02078626398723704,
    "ang_vel_xy": -0.03751527961982029,
    "action_rate": -0.00922413083338592,
    "impact_penalty": -0.09460753455541454,
    "torque_saturation": -0.013962044078953321,
    "swing_contact_penalty": -0.003395102716524906,
    "stance_ratio": 0.059344041842118014,
    "foot_clearance": 0.17731461422126094,
    "foot_clearance_bump_boost": 9.21400020245845,
    "swing_contact_bump_scale": 0.18502504328260114
  },
  "rl_overrides": {
    "learning_rate": 0.0002531193101251919,
    "entropy_loss_scale": 0.008032551082065301,
    "policy_hidden_layer_sizes": [
      512,
      256,
      128
    ],
    "value_hidden_layer_sizes": [
      512,
      256,
      128
    ],
    "rollouts": 24,
    "learning_epochs": 6,
    "mini_batches": 16,
    "discount_factor": 0.999,
    "max_env_steps": 15000000,
    "seed": 42,
    "check_point_interval": 101
  }
}