{
  "run_tag": "s012_stage2_T1",
  "env_name": "vbot_navigation_section012",
  "starter_kit_dir": "D:\\MotrixLab\\starter_kit\\navigation2",
  "reward_scales": {
    "forward_velocity": 13.422096872558168,
    "waypoint_approach": 2069.7435067376664,
    "zone_approach": 337.66239302552015,
    "waypoint_facing": 2.393100045538325,
    "position_tracking": 1.53290428221743,
    "alive_bonus": 0.7039162612310069,
    "alive_decay_horizon": 503.8465400728927,
    "waypoint_bonus": 210.17867049953173,
    "foot_clearance": 0.08958729509397387,
    "foot_clearance_stair_boost": 28.236943035594685,
    "foot_clearance_pre_zone_ratio": 0.5898036413681457,
    "swing_contact_stair_scale": 0.37572975751702686,
    "stance_ratio": 0.17324240800554677,
    "lin_vel_z": -0.039144786900421696,
    "torque_saturation": -0.060130766270760055,
    "action_rate": -0.01604791384489774,
    "orientation": -0.05310704339424469,
    "slope_orientation": 0.13367572564509947,
    "ang_vel_xy": -0.08802090767894113,
    "impact_penalty": -0.07120588806626435,
    "swing_contact_penalty": -0.008388762595270827,
    "drag_foot_penalty": -0.17235530135987837,
    "stagnation_penalty": -3.2967850877297646,
    "crouch_penalty": -1.548617446890649,
    "dof_pos": -0.03848224050523798,
    "termination": -50
  },
  "rl_overrides": {
    "learning_rate": 0.0007,
    "entropy_loss_scale": 0.001873497148599139,
    "policy_hidden_layer_sizes": [
      512,
      256,
      128
    ],
    "value_hidden_layer_sizes": [
      512,
      256,
      128
    ],
    "rollouts": 24,
    "learning_epochs": 6,
    "mini_batches": 16,
    "discount_factor": 0.999,
    "max_env_steps": 100000000,
    "seed": 42,
    "check_point_interval": 500
  },
  "checkpoint": "D:\\MotrixLab\\starter_kit_schedule\\checkpoints\\vbot_navigation_section011_A_T4_warmup_agent.pt",
  "freeze_preprocessor": false,
  "env_overrides": {
    "hard_tilt_deg": 85.0,
    "soft_tilt_deg": 0.0,
    "enable_base_contact_term": false,
    "enable_stagnation_truncate": true,
    "grace_period_steps": 200
  }
}