{
  "run_tag": "automl_20260220_231751_stage1_flat_i3_1771603969",
  "env_name": "vbot_navigation_section011",
  "starter_kit_dir": "D:\\MotrixLab\\starter_kit\\navigation2",
  "reward_scales": {
    "forward_velocity": 1.7251698745728048,
    "waypoint_approach": 413.31119787731126,
    "zone_approach": 101.30193153449792,
    "position_tracking": 0.5918725771349677,
    "waypoint_facing": 1.0623508241222797,
    "alive_bonus": 1.6647806358966277,
    "alive_decay_horizon": 1854.3634017118272,
    "waypoint_bonus": 41.17517207125648,
    "phase_bonus": 27.954524655407976,
    "per_jump_bonus": 51.89175077317801,
    "celebration_bonus": 84.04537791588842,
    "jump_reward": 19.736324032524596,
    "termination": -150,
    "orientation": -0.042512616508541386,
    "lin_vel_z": -0.07371884300394937,
    "ang_vel_xy": -0.042433408907026,
    "action_rate": -0.01979022001159356,
    "impact_penalty": -0.09130426741369796,
    "torque_saturation": -0.012932008396765605,
    "swing_contact_penalty": -0.010229804910088403,
    "stance_ratio": 0.07582684072992804,
    "foot_clearance": 0.21866327663532786,
    "foot_clearance_bump_boost": 10.878125959186978,
    "swing_contact_bump_scale": 0.11211876747645541,
    "drag_foot_penalty": -0.26645785596526483,
    "stagnation_penalty": -0.6674775706627469,
    "crouch_penalty": -9.706945048823403,
    "dof_pos": -0.0991240676379488
  },
  "rl_overrides": {
    "learning_rate": 0.000488413307403227,
    "entropy_loss_scale": 0.0073693321697068685,
    "policy_hidden_layer_sizes": [
      512,
      256,
      128
    ],
    "value_hidden_layer_sizes": [
      512,
      256,
      128
    ],
    "rollouts": 24,
    "learning_epochs": 6,
    "mini_batches": 16,
    "discount_factor": 0.999,
    "max_env_steps": 15000000,
    "seed": 42,
    "check_point_interval": 101
  }
}