{
  "run_tag": "automl_20260220_231751_stage1_flat_i0_1771600671",
  "env_name": "vbot_navigation_section011",
  "starter_kit_dir": "D:\\MotrixLab\\starter_kit\\navigation2",
  "reward_scales": {
    "forward_velocity": 4.8851777350028405,
    "waypoint_approach": 99.87301988660204,
    "zone_approach": 146.03394394207288,
    "position_tracking": 0.19333638374093426,
    "waypoint_facing": 0.6072205036337464,
    "alive_bonus": 0.8048596841839701,
    "alive_decay_horizon": 2522.318017478721,
    "waypoint_bonus": 43.82724313754559,
    "phase_bonus": 39.218233853851295,
    "per_jump_bonus": 43.850455332626765,
    "celebration_bonus": 89.44427037967358,
    "jump_reward": 24.0356630178811,
    "termination": -50,
    "orientation": -0.043693254443005744,
    "lin_vel_z": -0.16511561089338583,
    "ang_vel_xy": -0.011326476441910219,
    "action_rate": -0.01266292157750314,
    "impact_penalty": -0.09194310557189057,
    "torque_saturation": -0.019327265817402045,
    "swing_contact_penalty": -0.04608677816457077,
    "stance_ratio": 0.019181535243497878,
    "foot_clearance": 0.2877162787252682,
    "foot_clearance_bump_boost": 9.807289090090912,
    "swing_contact_bump_scale": 0.16961305719959915,
    "drag_foot_penalty": -0.2681944908086069,
    "stagnation_penalty": -0.141093367539032,
    "crouch_penalty": -8.891738724690502,
    "dof_pos": -0.014248730608675153
  },
  "rl_overrides": {
    "learning_rate": 0.0004094801963599959,
    "entropy_loss_scale": 0.006046165861506201,
    "policy_hidden_layer_sizes": [
      512,
      256,
      128
    ],
    "value_hidden_layer_sizes": [
      512,
      256,
      128
    ],
    "rollouts": 24,
    "learning_epochs": 6,
    "mini_batches": 16,
    "discount_factor": 0.999,
    "max_env_steps": 15000000,
    "seed": 42,
    "check_point_interval": 101
  }
}