{
  "run_tag": "automl_20260209_204634_vbot_navigation_section001_i1_1770642575",
  "env_name": "vbot_navigation_section001",
  "starter_kit_dir": "D:\\MotrixLab\\starter_kit\\navigation1",
  "reward_scales": {
    "position_tracking": 0.8255585825860263,
    "fine_position_tracking": 13.725586485493286,
    "heading_tracking": 0.3493974597486875,
    "forward_velocity": 0.34474318039157803,
    "distance_progress": 1.3062318890326705,
    "alive_bonus": 0.3578250655324157,
    "approach_scale": 8.213537494656258,
    "arrival_bonus": 97.9227893352668,
    "inner_fence_bonus": 47.227694832798804,
    "stop_scale": 6.589468617113962,
    "zero_ang_bonus": 13.654348658862105,
    "near_target_speed": -1.0639638182600788,
    "boundary_penalty": -2.1619383937290726,
    "orientation": -0.28825073615298225,
    "lin_vel_z": -0.997526379625272,
    "ang_vel_xy": -0.03,
    "torques": -1e-05,
    "dof_vel": -5e-05,
    "dof_acc": -2.5e-07,
    "action_rate": -0.009466726360195236,
    "termination": -150
  },
  "rl_overrides": {
    "learning_rate": 0.0008365167687178307,
    "entropy_loss_scale": 0.007092626777909928,
    "policy_hidden_layer_sizes": [
      128,
      64
    ],
    "value_hidden_layer_sizes": [
      256,
      128,
      64
    ],
    "rollouts": 16,
    "learning_epochs": 5,
    "mini_batches": 64,
    "discount_factor": 0.99,
    "max_env_steps": 10000000,
    "seed": 42,
    "check_point_interval": 61
  }
}