{
  "run_tag": "automl_20260209_204634_vbot_navigation_section001_i0_1770641194",
  "env_name": "vbot_navigation_section001",
  "starter_kit_dir": "D:\\MotrixLab\\starter_kit\\navigation1",
  "reward_scales": {
    "position_tracking": 3.024560115903419,
    "fine_position_tracking": 12.669128908172373,
    "heading_tracking": 0.41948788121417724,
    "forward_velocity": 1.007347674729608,
    "distance_progress": 1.2019755568900248,
    "alive_bonus": 0.1497523925835053,
    "approach_scale": 4.729798864972673,
    "arrival_bonus": 185.00195060582595,
    "inner_fence_bonus": 50.49395155246424,
    "stop_scale": 3.412516789917685,
    "zero_ang_bonus": 11.943364843068967,
    "near_target_speed": -1.6441606921817897,
    "boundary_penalty": -1.0423613044365467,
    "orientation": -0.16390396044079586,
    "lin_vel_z": -0.4471227804110458,
    "ang_vel_xy": -0.03,
    "torques": -1e-05,
    "dof_vel": -5e-05,
    "dof_acc": -2.5e-07,
    "action_rate": -0.007836579110699002,
    "termination": -300
  },
  "rl_overrides": {
    "learning_rate": 0.00019038418763748626,
    "entropy_loss_scale": 0.0026378587001264146,
    "policy_hidden_layer_sizes": [
      256,
      128,
      64
    ],
    "value_hidden_layer_sizes": [
      512,
      256,
      128
    ],
    "rollouts": 32,
    "learning_epochs": 8,
    "mini_batches": 32,
    "discount_factor": 0.99,
    "max_env_steps": 10000000,
    "seed": 42,
    "check_point_interval": 30
  }
}